image,split,genre,avg_red,avg_green,avg_blue,brightness,hue,saturation,colorfulness,contrast
image_00001.jpg,train,HOUSE,0.494455,0.445216,0.457280,0.465650,0.494013,0.254762,0.343395,0.330201
image_00002.jpg,train,CINEMATIC,0.438262,0.432730,0.370116,0.413703,0.326902,0.299589,0.396478,0.195609
image_00003.jpg,train,CINEMATIC,0.518819,0.523237,0.530783,0.524280,0.428062,0.182431,0.289230,0.254914
image_00004.jpg,test,HOUSE,0.468458,0.423493,0.401849,0.431266,0.357056,0.286139,0.453561,0.336780
image_00005.jpg,test,HOUSE,0.599175,0.271981,0.263958,0.378371,0.608028,0.616066,0.803762,0.246656
image_00006.jpg,test,EDM_CHILL,0.472366,0.567730,0.668252,0.569449,0.429043,0.242992,0.483611,0.321985
image_00007.jpg,train,CINEMATIC,0.581671,0.491405,0.436334,0.503137,0.111341,0.296225,0.370894,0.167380
image_00008.jpg,train,HOUSE,0.358848,0.459481,0.322229,0.380186,0.306998,0.364699,0.485086,0.232534
image_00009.jpg,train,CINEMATIC,0.442856,0.460066,0.435584,0.446169,0.318627,0.275762,0.343408,0.309670
image_00010.jpg,test,CINEMATIC,0.330238,0.357300,0.321845,0.336461,0.378307,0.381096,0.319085,0.295910
image_00011.jpg,train,HOUSE,0.426600,0.462215,0.391308,0.426707,0.312611,0.515926,0.641374,0.301687
image_00012.jpg,train,HOUSE,0.505099,0.457534,0.445939,0.469524,0.390467,0.341785,0.603142,0.283919
image_00013.jpg,train,HOUSE,0.474814,0.409469,0.374984,0.419756,0.308322,0.280727,0.499750,0.208236
image_00014.jpg,train,EDM_CHILL,0.757231,0.742481,0.722423,0.740712,0.344356,0.068837,0.223597,0.114094
image_00015.jpg,train,CINEMATIC,0.381118,0.361465,0.352978,0.365187,0.310905,0.261513,0.326293,0.228732
image_00016.jpg,train,HOUSE,0.460403,0.464563,0.433621,0.452863,0.349554,0.359385,0.477628,0.260645
image_00017.jpg,train,CINEMATIC,0.340930,0.354799,0.382439,0.359389,0.475495,0.183684,0.242534,0.210817
image_00018.jpg,train,EDM_CHILL,0.367216,0.499064,0.594538,0.486939,0.488120,0.426046,0.593023,0.155426
image_00019.jpg,train,EDM_CHILL,0.717802,0.687926,0.664765,0.690164,0.120518,0.090746,0.135416,0.192437
image_00020.jpg,train,HOUSE,0.628060,0.472950,0.374586,0.491865,0.144773,0.414174,0.497317,0.197265
image_00021.jpg,train,CINEMATIC,0.417383,0.396126,0.329444,0.380984,0.320036,0.309716,0.398775,0.175302
image_00022.jpg,train,CINEMATIC,0.350881,0.315835,0.132924,0.266547,0.147729,0.634521,0.366126,0.098431
image_00023.jpg,train,EDM_DROP,0.345602,0.231087,0.194539,0.257076,0.180127,0.450780,0.737995,0.323477
image_00024.jpg,train,CINEMATIC,0.382076,0.345744,0.382672,0.370164,0.554703,0.260644,0.341171,0.216792
image_00026.jpg,train,CINEMATIC,0.456142,0.534934,0.461280,0.484119,0.345269,0.274909,0.387119,0.165580
image_00027.jpg,train,CINEMATIC,0.371140,0.341221,0.314241,0.342201,0.317374,0.196962,0.183625,0.208874
image_00028.jpg,test,HOUSE,0.594069,0.576731,0.564844,0.578548,0.276430,0.227181,0.326542,0.352048
image_00029.jpg,train,EDM_DROP,0.070267,0.094129,0.154658,0.106351,0.559725,0.600638,0.409499,0.105490
image_00030.jpg,train,EDM_DROP,0.185479,0.136072,0.123119,0.148223,0.277269,0.641151,0.486023,0.166362
image_00031.jpg,train,CINEMATIC,0.379808,0.385639,0.359217,0.374888,0.339829,0.198701,0.286659,0.215942
image_00032.jpg,train,EDM_CHILL,0.481166,0.605847,0.650259,0.579091,0.499966,0.273998,0.414642,0.117816
image_00033.jpg,test,CINEMATIC,0.469027,0.463759,0.409307,0.447364,0.351478,0.276106,0.385002,0.198573
image_00034.jpg,test,CINEMATIC,0.413629,0.400388,0.395136,0.403051,0.372514,0.118938,0.190736,0.228663
image_00035.jpg,train,CINEMATIC,0.458203,0.458431,0.450685,0.455773,0.386981,0.220977,0.309026,0.220088
image_00036.jpg,train,HOUSE,0.484842,0.455655,0.201556,0.380684,0.153533,0.632697,0.767287,0.291525
image_00037.jpg,train,CINEMATIC,0.431407,0.409598,0.381974,0.407660,0.285944,0.298890,0.400064,0.257057
image_00038.jpg,test,HOUSE,0.421721,0.424874,0.358150,0.401582,0.291068,0.425676,0.604053,0.239863
image_00039.jpg,train,CINEMATIC,0.476262,0.500732,0.236567,0.404520,0.182744,0.528571,0.414710,0.122577
image_00040.jpg,train,EDM_CHILL,0.398688,0.522807,0.538737,0.486744,0.511750,0.272302,0.257510,0.131073
image_00042.jpg,train,CINEMATIC,0.495338,0.522623,0.525939,0.514633,0.421406,0.172496,0.173752,0.308033
image_00043.jpg,train,HOUSE,0.570580,0.532322,0.401864,0.501589,0.437001,0.382866,0.764569,0.266520
image_00044.jpg,test,EDM_DROP,0.318983,0.284551,0.232328,0.278621,0.385845,0.397856,0.466538,0.246486
image_00045.jpg,train,HOUSE,0.334791,0.475440,0.411155,0.407129,0.366400,0.586600,0.911921,0.238922
image_00046.jpg,train,CINEMATIC,0.551067,0.558860,0.538736,0.549554,0.341982,0.218745,0.316595,0.191857
image_00047.jpg,test,CINEMATIC,0.456561,0.492273,0.398403,0.449079,0.279725,0.242720,0.413803,0.212794
image_00048.jpg,train,HOUSE,0.665301,0.544546,0.540768,0.583538,0.388073,0.254864,0.538192,0.232686
image_00049.jpg,test,CINEMATIC,0.453246,0.400691,0.310510,0.388149,0.138498,0.347990,0.289872,0.147932
image_00050.jpg,train,EDM_CHILL,0.540711,0.614863,0.527137,0.560903,0.290783,0.266437,0.373582,0.207772
image_00051.jpg,train,CINEMATIC,0.318792,0.283791,0.284331,0.295638,0.441028,0.262244,0.266679,0.249911
image_00052.jpg,train,HOUSE,0.774510,0.529416,0.361994,0.555307,0.165119,0.569721,0.813727,0.229605
image_00053.jpg,train,HOUSE,0.453213,0.430200,0.326976,0.403463,0.244029,0.423890,0.587716,0.181278
image_00054.jpg,train,CINEMATIC,0.557059,0.522364,0.451502,0.510309,0.197099,0.255864,0.323079,0.187325
image_00055.jpg,train,CINEMATIC,0.505588,0.531755,0.536750,0.524698,0.478886,0.103083,0.188067,0.153292
image_00056.jpg,train,EDM_DROP,0.193328,0.293940,0.227039,0.238102,0.337634,0.649238,0.595429,0.225874
image_00057.jpg,train,HOUSE,0.358404,0.382201,0.394933,0.378513,0.430304,0.399819,0.425015,0.252979
image_00058.jpg,train,HOUSE,0.463717,0.539760,0.458106,0.487194,0.414974,0.343803,0.499806,0.249120
image_00059.jpg,train,CINEMATIC,0.502670,0.486914,0.498316,0.495967,0.517097,0.181836,0.277876,0.217484
image_00060.jpg,train,CINEMATIC,0.465146,0.440304,0.379411,0.428287,0.173439,0.305114,0.259200,0.320306
image_00061.jpg,train,HOUSE,0.512205,0.492022,0.344477,0.449568,0.296380,0.411002,0.654036,0.264836
image_00062.jpg,train,EDM_CHILL,0.525938,0.567071,0.602195,0.565068,0.528857,0.173521,0.144520,0.276664
image_00063.jpg,test,HOUSE,0.496082,0.345838,0.359234,0.400385,0.497769,0.435911,0.764210,0.210893
image_00064.jpg,train,HOUSE,0.359820,0.387576,0.280171,0.342522,0.317246,0.385463,0.516228,0.198710
image_00065.jpg,train,EDM_DROP,0.272736,0.263857,0.205006,0.247199,0.302586,0.545335,0.495606,0.322423
image_00066.jpg,train,EDM_CHILL,0.404393,0.430791,0.432090,0.422425,0.385542,0.328606,0.386677,0.292893
image_00067.jpg,test,EDM_DROP,0.420070,0.380033,0.322880,0.374328,0.212925,0.353750,0.347888,0.298667
image_00068.jpg,train,HOUSE,0.334685,0.372633,0.289311,0.332210,0.305100,0.399826,0.437786,0.173317
image_00069.jpg,train,HOUSE,0.551746,0.573962,0.429429,0.518379,0.260691,0.358888,0.559590,0.250299
image_00070.jpg,test,EDM_DROP,0.157081,0.165634,0.102692,0.141802,0.220846,0.477145,0.252461,0.169012
image_00071.jpg,train,EDM_CHILL,0.629615,0.680170,0.718876,0.676220,0.454051,0.269824,0.417961,0.338699
image_00072.jpg,test,CINEMATIC,0.457657,0.424501,0.354418,0.412192,0.227500,0.322169,0.450785,0.274562
image_00073.jpg,test,EDM_CHILL,0.661838,0.782612,0.934989,0.793146,0.558256,0.330272,0.646246,0.156839
image_00074.jpg,train,CINEMATIC,0.465096,0.461261,0.352860,0.426406,0.245774,0.315342,0.402101,0.192044
image_00075.jpg,train,EDM_CHILL,0.290196,0.467807,0.708555,0.488853,0.591571,0.577357,0.783501,0.134146
image_00076.jpg,train,HOUSE,0.506187,0.393995,0.387913,0.429365,0.368692,0.474154,0.713759,0.334429
image_00077.jpg,test,HOUSE,0.482756,0.495305,0.354968,0.444343,0.214954,0.470582,0.704344,0.189426
image_00078.jpg,train,CINEMATIC,0.410696,0.442784,0.441908,0.431796,0.472049,0.213093,0.261687,0.265835
image_00079.jpg,train,EDM_DROP,0.285508,0.347818,0.411160,0.348162,0.480635,0.423651,0.379657,0.197583
image_00080.jpg,train,CINEMATIC,0.314205,0.304538,0.297776,0.305506,0.297769,0.349719,0.314671,0.283897
image_00081.jpg,train,HOUSE,0.468445,0.475974,0.340845,0.428421,0.246038,0.429807,0.436618,0.261805
image_00082.jpg,train,CINEMATIC,0.480263,0.416982,0.389388,0.428878,0.317757,0.268087,0.463898,0.208644
image_00083.jpg,test,CINEMATIC,0.470020,0.479046,0.434620,0.461229,0.383184,0.290094,0.413093,0.351689
image_00084.jpg,train,EDM_DROP,0.326368,0.269245,0.221762,0.272458,0.156304,0.504745,0.328879,0.277297
image_00085.jpg,train,CINEMATIC,0.494302,0.494417,0.500991,0.496570,0.430027,0.123421,0.114246,0.195473
image_00086.jpg,test,CINEMATIC,0.383352,0.315597,0.205657,0.301536,0.112013,0.499147,0.375007,0.181921
image_00087.jpg,test,CINEMATIC,0.588252,0.560858,0.503942,0.551017,0.179498,0.186823,0.273412,0.164356
image_00088.jpg,train,CINEMATIC,0.351569,0.341101,0.303024,0.331898,0.353147,0.314910,0.300429,0.266634
image_00089.jpg,train,CINEMATIC,0.503755,0.499833,0.509040,0.504209,0.586444,0.079312,0.169059,0.157013
image_00090.jpg,train,CINEMATIC,0.394203,0.292591,0.246901,0.311231,0.234029,0.501126,0.485078,0.206404
image_00091.jpg,train,CINEMATIC,0.277283,0.318846,0.319955,0.305361,0.432575,0.387877,0.379612,0.229582
image_00092.jpg,train,EDM_CHILL,0.401375,0.510802,0.525225,0.479134,0.463572,0.305381,0.441153,0.176287
image_00093.jpg,test,CINEMATIC,0.415860,0.424350,0.342825,0.394345,0.267587,0.382297,0.369330,0.326003
image_00094.jpg,train,HOUSE,0.390523,0.393130,0.257594,0.347082,0.286750,0.431474,0.545653,0.240260
image_00095.jpg,train,HOUSE,0.455655,0.385743,0.388407,0.409935,0.401691,0.355170,0.588226,0.260420
image_00096.jpg,train,CINEMATIC,0.417755,0.403316,0.422477,0.414516,0.380706,0.227131,0.226859,0.277832
image_00097.jpg,train,CINEMATIC,0.258282,0.309452,0.191091,0.252942,0.260168,0.530256,0.299652,0.181907
image_00098.jpg,train,HOUSE,0.477993,0.426967,0.318516,0.407825,0.206376,0.455763,0.578053,0.206304
image_00099.jpg,train,CINEMATIC,0.369351,0.359805,0.354135,0.361097,0.317523,0.096421,0.094311,0.189489
image_00100.jpg,train,HOUSE,0.524247,0.511646,0.450204,0.495366,0.264112,0.372932,0.570945,0.365324
image_00101.jpg,train,HOUSE,0.402085,0.470308,0.341598,0.404664,0.283430,0.498922,0.516471,0.390421
image_00102.jpg,train,EDM_CHILL,0.536232,0.596459,0.650175,0.594289,0.604980,0.217809,0.334523,0.175502
image_00103.jpg,train,CINEMATIC,0.377209,0.281412,0.250929,0.303183,0.284146,0.321192,0.453510,0.269600
image_00104.jpg,train,HOUSE,0.394480,0.410728,0.350477,0.385228,0.307699,0.501782,0.636643,0.261046
image_00105.jpg,train,CINEMATIC,0.560178,0.547617,0.533333,0.547042,0.237661,0.074416,0.111066,0.204862
image_00106.jpg,train,HOUSE,0.482945,0.362438,0.311926,0.385770,0.203580,0.437850,0.736743,0.203565
image_00107.jpg,train,HOUSE,0.540259,0.371816,0.280660,0.397578,0.132813,0.565479,0.732418,0.284699
image_00108.jpg,train,CINEMATIC,0.409594,0.388542,0.380797,0.392977,0.189144,0.162171,0.232985,0.307364
image_00109.jpg,test,HOUSE,0.495736,0.507432,0.408954,0.470707,0.275046,0.328383,0.561467,0.234095
image_00110.jpg,test,CINEMATIC,0.440197,0.386664,0.341289,0.389383,0.224762,0.344800,0.414788,0.261748
image_00111.jpg,test,EDM_CHILL,0.680866,0.659131,0.648680,0.662893,0.286541,0.130217,0.168226,0.294015
image_00112.jpg,train,EDM_CHILL,0.728864,0.686061,0.697971,0.704299,0.381910,0.231049,0.607456,0.182272
image_00113.jpg,train,EDM_DROP,0.366269,0.310417,0.289059,0.321915,0.410392,0.351329,0.479060,0.340827
image_00114.jpg,train,HOUSE,0.665176,0.589529,0.533120,0.595941,0.254258,0.278302,0.475917,0.259344
image_00115.jpg,train,CINEMATIC,0.359962,0.356009,0.414158,0.376710,0.556078,0.315298,0.453247,0.296339
image_00116.jpg,test,EDM_CHILL,0.579403,0.587304,0.611435,0.592714,0.477942,0.160298,0.337345,0.239785
image_00117.jpg,train,CINEMATIC,0.350749,0.327587,0.315816,0.331384,0.372136,0.389732,0.492285,0.193443
image_00118.jpg,train,HOUSE,0.433219,0.486216,0.343044,0.420826,0.333384,0.577304,0.958443,0.286164
image_00119.jpg,train,EDM_CHILL,0.647638,0.654873,0.737403,0.679971,0.555071,0.267189,0.612818,0.235695
image_00120.jpg,train,EDM_CHILL,0.659925,0.708569,0.750673,0.706389,0.476141,0.161953,0.324388,0.227612
image_00122.jpg,test,HOUSE,0.437239,0.588444,0.370446,0.465377,0.304218,0.392181,0.517664,0.169490
image_00123.jpg,train,CINEMATIC,0.344791,0.314482,0.247248,0.302174,0.131389,0.287860,0.190274,0.120675
image_00124.jpg,train,HOUSE,0.526038,0.448854,0.409079,0.461324,0.389942,0.302611,0.494462,0.206630
image_00125.jpg,train,HOUSE,0.554537,0.497607,0.448496,0.500214,0.208575,0.320162,0.502605,0.302913
image_00126.jpg,train,CINEMATIC,0.619554,0.592231,0.529587,0.580458,0.146973,0.181444,0.226970,0.244738
image_00127.jpg,test,CINEMATIC,0.418086,0.352952,0.289195,0.353411,0.158438,0.389470,0.303201,0.278482
image_00128.jpg,train,HOUSE,0.491362,0.374731,0.325656,0.397250,0.225789,0.380579,0.626641,0.232402
image_00129.jpg,train,EDM_CHILL,0.659732,0.644866,0.615042,0.639880,0.176214,0.150085,0.208861,0.267363
image_00130.jpg,train,CINEMATIC,0.539002,0.505149,0.497466,0.513872,0.288637,0.199464,0.316295,0.157790
image_00131.jpg,test,HOUSE,0.574829,0.638093,0.345941,0.519621,0.198999,0.461952,0.415421,0.098347
image_00132.jpg,train,EDM_CHILL,0.473539,0.523144,0.558096,0.518260,0.462379,0.252692,0.391328,0.212965
image_00133.jpg,train,CINEMATIC,0.328251,0.299792,0.294244,0.307429,0.291908,0.218507,0.336321,0.166379
image_00134.jpg,train,EDM_CHILL,0.713325,0.720787,0.732475,0.722196,0.521004,0.050919,0.137279,0.106544
image_00135.jpg,train,CINEMATIC,0.492256,0.515191,0.467366,0.491604,0.405596,0.202323,0.238497,0.224451
image_00136.jpg,train,HOUSE,0.643006,0.671246,0.521420,0.611891,0.248552,0.270356,0.397400,0.171456
image_00137.jpg,train,HOUSE,0.506234,0.595585,0.222748,0.441523,0.204702,0.659435,0.523236,0.128506
image_00139.jpg,test,EDM_DROP,0.303604,0.277112,0.260982,0.280566,0.284510,0.253333,0.331638,0.224049
image_00140.jpg,train,HOUSE,0.643935,0.591558,0.557587,0.597693,0.397270,0.208433,0.465743,0.162686
image_00141.jpg,train,CINEMATIC,0.445781,0.446852,0.392450,0.428361,0.228566,0.276784,0.321687,0.309945
image_00142.jpg,test,EDM_CHILL,0.540673,0.588617,0.653664,0.594318,0.422290,0.259239,0.332905,0.282902
image_00143.jpg,train,EDM_CHILL,0.505878,0.520656,0.531517,0.519351,0.308050,0.160748,0.370483,0.276988
image_00144.jpg,train,CINEMATIC,0.489370,0.389358,0.302693,0.393807,0.089079,0.386841,0.426491,0.206226
image_00145.jpg,test,EDM_CHILL,0.582002,0.591725,0.569383,0.581037,0.285768,0.160149,0.192397,0.309374
image_00146.jpg,train,HOUSE,0.376300,0.343600,0.352605,0.357502,0.426258,0.385069,0.497145,0.317249
image_00147.jpg,train,CINEMATIC,0.425166,0.409457,0.397494,0.410705,0.366745,0.185312,0.239603,0.179205
image_00148.jpg,train,EDM_DROP,0.259739,0.204556,0.175722,0.213339,0.129327,0.469098,0.223523,0.209637
image_00149.jpg,train,CINEMATIC,0.408941,0.401463,0.344268,0.384891,0.232653,0.366406,0.429202,0.251589
image_00150.jpg,train,HOUSE,0.541557,0.585900,0.427216,0.518224,0.305834,0.415724,0.610154,0.292198
image_00151.jpg,train,EDM_CHILL,0.767176,0.765173,0.752248,0.761532,0.332852,0.142884,0.349304,0.157146
image_00152.jpg,test,HOUSE,0.462948,0.455120,0.430775,0.449614,0.313948,0.320046,0.575377,0.316025
image_00153.jpg,train,CINEMATIC,0.382234,0.379734,0.299833,0.353934,0.344550,0.278476,0.446108,0.195947
image_00154.jpg,train,CINEMATIC,0.445395,0.452980,0.442849,0.447075,0.363274,0.198283,0.328604,0.268034
image_00155.jpg,test,HOUSE,0.716138,0.665683,0.544714,0.642178,0.273230,0.347748,0.826042,0.296940
image_00156.jpg,test,HOUSE,0.343064,0.465735,0.202830,0.337210,0.258224,0.601966,0.599955,0.229335
image_00157.jpg,train,HOUSE,0.360889,0.350462,0.329092,0.346815,0.295694,0.494331,0.527296,0.224998
image_00158.jpg,train,HOUSE,0.622203,0.534123,0.461201,0.539176,0.222310,0.338278,0.700152,0.347701
image_00159.jpg,train,EDM_DROP,0.251527,0.234918,0.220960,0.235802,0.399512,0.399851,0.487668,0.202285
image_00160.jpg,test,CINEMATIC,0.329454,0.366591,0.407738,0.367928,0.555979,0.261394,0.256709,0.127738
image_00161.jpg,train,CINEMATIC,0.366042,0.386644,0.305442,0.352709,0.348610,0.213293,0.393414,0.326394
image_00162.jpg,test,CINEMATIC,0.547124,0.520322,0.474519,0.513989,0.182391,0.251208,0.355513,0.276111
image_00163.jpg,test,EDM_DROP,0.273705,0.188370,0.126439,0.196171,0.119610,0.458440,0.463977,0.231376
image_00164.jpg,train,CINEMATIC,0.621323,0.565325,0.466797,0.551149,0.103946,0.268793,0.253366,0.219245
image_00165.jpg,train,EDM_DROP,0.336014,0.387504,0.143764,0.289094,0.224197,0.629148,0.507803,0.163406
image_00166.jpg,train,EDM_CHILL,0.515230,0.503311,0.502240,0.506927,0.464060,0.164960,0.209931,0.223284
image_00167.jpg,train,CINEMATIC,0.358586,0.380952,0.351390,0.363643,0.346012,0.387736,0.333974,0.324548
image_00168.jpg,train,HOUSE,0.497019,0.502323,0.322018,0.440453,0.184817,0.458891,0.425328,0.213540
image_00169.jpg,train,CINEMATIC,0.360566,0.320071,0.269238,0.316625,0.334045,0.366714,0.400737,0.176900
image_00170.jpg,test,EDM_DROP,0.311591,0.222401,0.095189,0.209727,0.097867,0.728945,0.469879,0.182169
image_00171.jpg,train,CINEMATIC,0.468914,0.446489,0.437005,0.450802,0.320080,0.237897,0.314638,0.307683
image_00172.jpg,train,CINEMATIC,0.573773,0.505221,0.459722,0.512905,0.135518,0.248587,0.389645,0.273405
image_00173.jpg,train,EDM_CHILL,0.503554,0.587940,0.574237,0.555244,0.346635,0.312944,0.554722,0.173596
image_00174.jpg,train,EDM_DROP,0.242692,0.214031,0.189530,0.215418,0.289702,0.402910,0.342694,0.269599
image_00175.jpg,test,EDM_CHILL,0.572752,0.689691,0.659746,0.640730,0.428578,0.295164,0.373353,0.283280
image_00176.jpg,train,CINEMATIC,0.361581,0.373461,0.316756,0.350599,0.363948,0.370229,0.447157,0.227675
image_00177.jpg,train,EDM_CHILL,0.746796,0.758886,0.805766,0.770483,0.577094,0.085735,0.136790,0.192819
image_00178.jpg,train,HOUSE,0.463796,0.447264,0.436513,0.449191,0.456885,0.293696,0.475799,0.231288
image_00179.jpg,train,CINEMATIC,0.396118,0.383126,0.337649,0.372297,0.190712,0.203989,0.160533,0.273876
image_00180.jpg,train,HOUSE,0.727426,0.574572,0.409016,0.570338,0.113515,0.440531,0.605889,0.237518
image_00181.jpg,train,EDM_CHILL,0.309019,0.437657,0.444856,0.397177,0.396653,0.409020,0.653236,0.075511
image_00182.jpg,train,EDM_DROP,0.262390,0.316455,0.330263,0.303036,0.289943,0.398699,0.587639,0.272394
image_00183.jpg,test,EDM_CHILL,0.526255,0.534257,0.542179,0.534231,0.491287,0.078016,0.115644,0.279280
image_00184.jpg,train,CINEMATIC,0.501988,0.453173,0.454998,0.470053,0.440075,0.190149,0.304781,0.253943
image_00185.jpg,train,HOUSE,0.418952,0.360268,0.284142,0.354454,0.212334,0.397318,0.485483,0.269953
image_00186.jpg,train,CINEMATIC,0.403141,0.435663,0.458494,0.432433,0.483069,0.233012,0.401025,0.210011
image_00187.jpg,train,HOUSE,0.584123,0.568723,0.469758,0.540868,0.308150,0.368711,0.529891,0.245663
image_00188.jpg,train,CINEMATIC,0.603685,0.573813,0.542158,0.573219,0.211529,0.126644,0.169502,0.159918
image_00189.jpg,train,HOUSE,0.597916,0.566559,0.551750,0.572075,0.357945,0.250962,0.408477,0.265132
image_00190.jpg,train,EDM_DROP,0.335401,0.224690,0.184342,0.248144,0.257177,0.486314,0.519583,0.246490
image_00191.jpg,test,HOUSE,0.364225,0.435150,0.210667,0.336681,0.290292,0.579648,0.619710,0.236052
image_00192.jpg,train,EDM_CHILL,0.624933,0.609292,0.595643,0.609956,0.294208,0.122131,0.195990,0.287943
image_00193.jpg,train,CINEMATIC,0.473544,0.418237,0.364123,0.418635,0.143066,0.294443,0.265997,0.218939
image_00194.jpg,train,CINEMATIC,0.400438,0.393159,0.388988,0.394195,0.351904,0.358336,0.378309,0.356016
image_00195.jpg,train,CINEMATIC,0.365583,0.333763,0.332034,0.343793,0.352844,0.306330,0.287261,0.240513
image_00196.jpg,train,CINEMATIC,0.403672,0.409358,0.379347,0.397459,0.414253,0.306162,0.478526,0.322399
image_00197.jpg,train,HOUSE,0.355015,0.353317,0.289788,0.332707,0.266199,0.519616,0.520227,0.267966
image_00198.jpg,train,EDM_CHILL,0.612780,0.598985,0.574488,0.595417,0.317912,0.160393,0.338658,0.233276
image_00199.jpg,train,EDM_CHILL,0.574358,0.632474,0.561560,0.589464,0.273972,0.275732,0.429152,0.219616
image_00200.jpg,train,CINEMATIC,0.359767,0.372004,0.379685,0.370485,0.424491,0.194125,0.157579,0.229567
image_00201.jpg,train,EDM_CHILL,0.447565,0.539665,0.604861,0.530697,0.544949,0.345753,0.476875,0.183350
image_00202.jpg,train,HOUSE,0.483449,0.421882,0.310275,0.405202,0.169537,0.461361,0.497262,0.223277
image_00203.jpg,train,HOUSE,0.462981,0.440098,0.374942,0.426007,0.295768,0.345109,0.447329,0.232221
image_00204.jpg,train,HOUSE,0.340312,0.457226,0.340111,0.379216,0.340517,0.430518,0.591209,0.240200
image_00205.jpg,test,HOUSE,0.512088,0.509206,0.511428,0.510907,0.456537,0.317637,0.583807,0.190449
image_00206.jpg,train,CINEMATIC,0.380832,0.387274,0.363507,0.377204,0.272762,0.321680,0.385763,0.169044
image_00207.jpg,train,CINEMATIC,0.452314,0.463908,0.446355,0.454192,0.329528,0.329850,0.387188,0.297096
image_00208.jpg,test,EDM_DROP,0.278001,0.285797,0.198590,0.254129,0.382825,0.456082,0.531254,0.212591
image_00209.jpg,train,HOUSE,0.418267,0.358491,0.357727,0.378162,0.391256,0.340442,0.697857,0.233511
image_00210.jpg,train,HOUSE,0.692319,0.520095,0.372562,0.528325,0.098276,0.468187,0.707842,0.220634
image_00211.jpg,train,HOUSE,0.505861,0.441908,0.448082,0.465283,0.439026,0.329180,0.726307,0.316795
image_00212.jpg,train,CINEMATIC,0.415787,0.459686,0.431798,0.435757,0.362739,0.176504,0.243631,0.227942
image_00213.jpg,train,CINEMATIC,0.546697,0.518219,0.522657,0.529191,0.431651,0.297895,0.403520,0.233184
image_00214.jpg,train,HOUSE,0.341209,0.384792,0.378624,0.368208,0.362051,0.401440,0.638670,0.311078
image_00215.jpg,train,CINEMATIC,0.437919,0.369083,0.356672,0.387892,0.196669,0.271936,0.150408,0.229110
image_00216.jpg,test,CINEMATIC,0.351514,0.347910,0.312453,0.337292,0.253588,0.213349,0.311740,0.208299
image_00217.jpg,train,CINEMATIC,0.291270,0.329690,0.262522,0.294494,0.286368,0.420670,0.454397,0.198894
image_00218.jpg,test,CINEMATIC,0.415397,0.408430,0.394217,0.406015,0.284323,0.111728,0.152183,0.206619
image_00219.jpg,train,CINEMATIC,0.511990,0.489023,0.494976,0.498663,0.427905,0.267392,0.398215,0.265544
image_00220.jpg,train,EDM_CHILL,0.737441,0.752085,0.760003,0.749843,0.394707,0.087766,0.182238,0.123242
image_00221.jpg,test,EDM_DROP,0.367473,0.276545,0.210729,0.284916,0.223298,0.625985,0.724827,0.204548
image_00222.jpg,train,CINEMATIC,0.474331,0.458446,0.323855,0.418877,0.188985,0.364224,0.392219,0.163957
image_00223.jpg,train,EDM_DROP,0.267383,0.272238,0.166510,0.235377,0.204969,0.520678,0.332578,0.149421
image_00224.jpg,train,CINEMATIC,0.399578,0.412187,0.435135,0.415634,0.429619,0.222500,0.369457,0.212843
image_00225.jpg,test,CINEMATIC,0.588355,0.575242,0.536443,0.566680,0.297160,0.142677,0.292782,0.228128
image_00226.jpg,train,HOUSE,0.462757,0.457683,0.343155,0.421198,0.280417,0.590905,0.803731,0.272933
image_00227.jpg,train,HOUSE,0.334178,0.407297,0.235040,0.325505,0.309446,0.554408,0.570070,0.246839
image_00228.jpg,train,CINEMATIC,0.519705,0.501935,0.522852,0.514831,0.557748,0.174836,0.406771,0.218984
image_00229.jpg,train,CINEMATIC,0.442526,0.446445,0.411304,0.433425,0.362404,0.201470,0.325873,0.262492
image_00230.jpg,train,HOUSE,0.478352,0.483933,0.366464,0.442917,0.275327,0.353585,0.580862,0.233957
image_00231.jpg,train,CINEMATIC,0.422641,0.398611,0.394396,0.405216,0.415615,0.248832,0.471583,0.252118
image_00232.jpg,train,HOUSE,0.408684,0.473447,0.545216,0.475783,0.471123,0.304350,0.547133,0.235667
image_00233.jpg,test,CINEMATIC,0.462076,0.488526,0.518862,0.489821,0.543893,0.201433,0.262474,0.273751
image_00234.jpg,train,HOUSE,0.375651,0.440130,0.398535,0.404772,0.374112,0.413746,0.476286,0.264330
image_00235.jpg,train,HOUSE,0.572642,0.447868,0.325563,0.448691,0.206644,0.522449,0.738379,0.246608
image_00236.jpg,train,CINEMATIC,0.329469,0.326228,0.325968,0.327222,0.348953,0.364590,0.330550,0.247480
image_00237.jpg,test,HOUSE,0.506935,0.427730,0.294937,0.409867,0.203953,0.464264,0.613078,0.284224
image_00238.jpg,train,EDM_DROP,0.257826,0.290409,0.351310,0.299848,0.448444,0.274909,0.270016,0.264451
image_00239.jpg,train,CINEMATIC,0.424170,0.387397,0.330091,0.380553,0.242493,0.330835,0.369714,0.227415
image_00240.jpg,train,EDM_DROP,0.071228,0.067710,0.070454,0.069797,0.145774,0.146160,0.079038,0.149302
image_00241.jpg,test,CINEMATIC,0.551686,0.474980,0.426612,0.484426,0.140935,0.288311,0.360631,0.201173
image_00242.jpg,train,CINEMATIC,0.438891,0.409531,0.391412,0.413278,0.299851,0.223481,0.429518,0.251721
image_00243.jpg,test,HOUSE,0.463204,0.330534,0.325988,0.373242,0.412959,0.353376,0.780536,0.212315
image_00244.jpg,test,EDM_DROP,0.247341,0.235745,0.217481,0.233522,0.424925,0.557125,0.731803,0.237732
image_00245.jpg,train,EDM_CHILL,0.470386,0.507608,0.531984,0.503326,0.416022,0.214298,0.423014,0.226657
image_00246.jpg,test,EDM_DROP,0.244195,0.267214,0.245381,0.252263,0.315532,0.243643,0.263444,0.208079
image_00247.jpg,train,HOUSE,0.318153,0.352604,0.398951,0.356569,0.365873,0.475490,0.756249,0.162614
image_00248.jpg,train,HOUSE,0.690480,0.673665,0.615483,0.659876,0.318619,0.264375,0.529717,0.239967
image_00249.jpg,train,EDM_DROP,0.338199,0.264306,0.241030,0.281178,0.236298,0.508847,0.584764,0.164359
image_00250.jpg,train,HOUSE,0.440546,0.465548,0.354960,0.420352,0.304128,0.367859,0.529441,0.228238
image_00251.jpg,test,EDM_DROP,0.149500,0.120569,0.090741,0.120270,0.177517,0.591842,0.326986,0.220805
image_00252.jpg,train,EDM_DROP,0.349011,0.289014,0.252165,0.296730,0.287809,0.300802,0.491163,0.261446
image_00253.jpg,train,HOUSE,0.574245,0.385340,0.255949,0.405178,0.343792,0.768568,1.000000,0.283565
image_00254.jpg,train,HOUSE,0.582089,0.612602,0.374818,0.523170,0.193118,0.440100,0.496765,0.183321
image_00255.jpg,train,EDM_CHILL,0.518872,0.586397,0.489696,0.531655,0.406773,0.250578,0.428593,0.214306
image_00256.jpg,train,CINEMATIC,0.557118,0.526881,0.488947,0.524315,0.172264,0.138956,0.173874,0.078132
image_00257.jpg,train,CINEMATIC,0.518844,0.492927,0.478557,0.496776,0.284346,0.253501,0.423694,0.259203
image_00258.jpg,train,EDM_DROP,0.335603,0.373080,0.119296,0.275993,0.191629,0.752848,0.464860,0.173816
image_00259.jpg,train,HOUSE,0.547124,0.565669,0.455282,0.522692,0.267267,0.306173,0.545777,0.235774
image_00260.jpg,train,CINEMATIC,0.501811,0.503567,0.476539,0.493972,0.388255,0.178332,0.272792,0.238290
image_00261.jpg,train,CINEMATIC,0.447289,0.454236,0.400031,0.433852,0.204043,0.217677,0.226690,0.236713
image_00262.jpg,test,HOUSE,0.523163,0.474968,0.344430,0.447520,0.192209,0.413291,0.508001,0.155538
image_00263.jpg,train,CINEMATIC,0.326265,0.304613,0.283141,0.304673,0.267778,0.248568,0.259569,0.227029
image_00264.jpg,train,EDM_DROP,0.085335,0.103650,0.138014,0.109000,0.405176,0.775813,0.540940,0.163241
image_00265.jpg,train,EDM_CHILL,0.518167,0.640117,0.810608,0.656297,0.524686,0.428965,0.795965,0.131238
image_00266.jpg,test,HOUSE,0.491650,0.288349,0.214683,0.331561,0.080091,0.594765,0.545956,0.188864
image_00267.jpg,train,HOUSE,0.433115,0.517486,0.466123,0.472241,0.393029,0.373389,0.512992,0.246490
image_00268.jpg,train,EDM_CHILL,0.589483,0.598724,0.566766,0.584991,0.443747,0.194864,0.437363,0.272468
image_00269.jpg,train,HOUSE,0.608894,0.535587,0.237406,0.460629,0.135660,0.617820,0.758488,0.099920
image_00270.jpg,test,CINEMATIC,0.334716,0.322383,0.301537,0.319545,0.360166,0.193748,0.308863,0.245390
image_00271.jpg,train,EDM_CHILL,0.636110,0.673797,0.700804,0.670237,0.502989,0.106977,0.210987,0.118877
image_00272.jpg,test,EDM_DROP,0.076350,0.072565,0.071622,0.073512,0.105267,0.100161,0.173866,0.132232
image_00273.jpg,train,CINEMATIC,0.438053,0.425155,0.370076,0.411095,0.324998,0.327222,0.398566,0.331541
image_00274.jpg,train,CINEMATIC,0.486174,0.483485,0.491592,0.487084,0.462979,0.126279,0.137768,0.220870
image_00275.jpg,train,CINEMATIC,0.388141,0.396433,0.344944,0.376506,0.370964,0.286050,0.389082,0.233406
image_00276.jpg,train,EDM_CHILL,0.623808,0.671347,0.695942,0.663699,0.335644,0.266879,0.599497,0.144565
image_00277.jpg,train,CINEMATIC,0.390941,0.398552,0.391012,0.393502,0.335649,0.204051,0.174707,0.233390
image_00278.jpg,train,EDM_CHILL,0.676929,0.698492,0.698780,0.691400,0.264457,0.138865,0.332690,0.164355
image_00279.jpg,train,CINEMATIC,0.466701,0.458035,0.446042,0.456926,0.324125,0.154259,0.118743,0.275501
image_00280.jpg,train,CINEMATIC,0.336749,0.365528,0.269073,0.323783,0.302441,0.436507,0.424877,0.226193
image_00281.jpg,train,CINEMATIC,0.374304,0.361191,0.312424,0.349306,0.138311,0.183207,0.159238,0.120327
image_00282.jpg,train,CINEMATIC,0.374367,0.352238,0.357953,0.361519,0.454507,0.302654,0.351319,0.221619
image_00283.jpg,train,EDM_CHILL,0.626827,0.603823,0.580753,0.603801,0.355526,0.141745,0.245612,0.190412
image_00284.jpg,train,CINEMATIC,0.421381,0.414999,0.400280,0.412220,0.400450,0.248448,0.316203,0.235238
image_00285.jpg,train,CINEMATIC,0.409356,0.386933,0.339000,0.378430,0.237474,0.371302,0.374845,0.302570
image_00286.jpg,train,CINEMATIC,0.548609,0.464097,0.346687,0.453131,0.112402,0.389542,0.375762,0.095001
image_00287.jpg,train,CINEMATIC,0.376076,0.377966,0.360764,0.371602,0.421511,0.144943,0.193513,0.165424
image_00288.jpg,train,EDM_DROP,0.138081,0.134305,0.156365,0.142917,0.589803,0.446344,0.192859,0.176695
image_00289.jpg,train,HOUSE,0.422851,0.454821,0.566726,0.481466,0.396731,0.325436,0.775063,0.185358
image_00290.jpg,train,EDM_DROP,0.407190,0.338484,0.292565,0.346079,0.121493,0.271563,0.417388,0.315810
image_00291.jpg,train,CINEMATIC,0.337872,0.355840,0.324103,0.339272,0.351516,0.248446,0.242960,0.174130
image_00292.jpg,train,CINEMATIC,0.388276,0.389671,0.366657,0.381534,0.361367,0.167952,0.277837,0.168012
image_00293.jpg,train,HOUSE,0.536833,0.437420,0.385518,0.453257,0.250866,0.310840,0.738506,0.235042
image_00294.jpg,train,CINEMATIC,0.450062,0.404673,0.317062,0.390599,0.160858,0.320548,0.478835,0.181791
image_00295.jpg,test,CINEMATIC,0.669945,0.629602,0.589721,0.629756,0.226424,0.173277,0.371303,0.252996
image_00296.jpg,train,EDM_CHILL,0.497142,0.555978,0.585025,0.546048,0.352371,0.185572,0.435281,0.117177
image_00297.jpg,train,EDM_DROP,0.235540,0.179533,0.234799,0.216624,0.600414,0.489889,0.382335,0.220290
image_00298.jpg,train,CINEMATIC,0.344360,0.346152,0.320304,0.336939,0.366792,0.245923,0.272237,0.246451
image_00299.jpg,train,CINEMATIC,0.420028,0.344825,0.228092,0.330982,0.139421,0.502231,0.411809,0.178064
image_00300.jpg,train,CINEMATIC,0.518396,0.437580,0.391721,0.449233,0.257821,0.296380,0.490619,0.195757
image_00301.jpg,test,HOUSE,0.368847,0.445791,0.355077,0.389905,0.274762,0.492897,0.721725,0.223030
image_00302.jpg,train,CINEMATIC,0.468763,0.473039,0.488070,0.476624,0.420626,0.165496,0.170954,0.262534
image_00303.jpg,train,CINEMATIC,0.364582,0.316344,0.239757,0.306895,0.210037,0.390768,0.436221,0.222204
image_00304.jpg,train,CINEMATIC,0.211889,0.195223,0.187649,0.198253,0.299020,0.297627,0.172774,0.155236
image_00305.jpg,test,EDM_CHILL,0.579474,0.588615,0.570131,0.579406,0.297556,0.194802,0.301067,0.286148
image_00306.jpg,test,CINEMATIC,0.340344,0.339223,0.358260,0.345942,0.401164,0.288747,0.289761,0.292292
image_00307.jpg,train,HOUSE,0.449170,0.384840,0.334130,0.389380,0.274521,0.256484,0.750882,0.259531
image_00308.jpg,train,CINEMATIC,0.432522,0.425518,0.382721,0.413587,0.391859,0.275740,0.336202,0.177865
image_00309.jpg,test,CINEMATIC,0.407366,0.357417,0.337803,0.367529,0.215212,0.267236,0.307640,0.248516
image_00310.jpg,train,HOUSE,0.332661,0.310774,0.307608,0.317014,0.371810,0.396556,0.394639,0.258119
image_00311.jpg,train,CINEMATIC,0.441961,0.368514,0.266888,0.359121,0.151788,0.479670,0.349278,0.206455
image_00312.jpg,train,HOUSE,0.388871,0.383407,0.319152,0.363810,0.312564,0.276307,0.482134,0.272595
image_00313.jpg,train,CINEMATIC,0.457193,0.440695,0.401057,0.432982,0.261045,0.273968,0.303151,0.257221
image_00314.jpg,train,HOUSE,0.593290,0.584609,0.590926,0.589609,0.359088,0.268558,0.466850,0.202496
image_00315.jpg,train,EDM_CHILL,0.391016,0.469653,0.504589,0.455086,0.390317,0.443990,0.843509,0.227127
image_00316.jpg,train,CINEMATIC,0.414207,0.433705,0.469870,0.439261,0.516485,0.206912,0.249803,0.228429
image_00317.jpg,test,CINEMATIC,0.337248,0.371739,0.376872,0.361953,0.478715,0.372185,0.353467,0.298223
image_00318.jpg,train,CINEMATIC,0.283966,0.286114,0.286420,0.285500,0.463146,0.240964,0.115411,0.251860
image_00319.jpg,test,EDM_CHILL,0.612005,0.663546,0.669963,0.648504,0.483661,0.152896,0.229140,0.238192
image_00320.jpg,train,HOUSE,0.636794,0.612002,0.510933,0.586576,0.303690,0.340779,0.760762,0.257060
image_00321.jpg,test,EDM_DROP,0.462454,0.382010,0.354923,0.399796,0.244567,0.329145,0.399071,0.334348
image_00322.jpg,train,CINEMATIC,0.411803,0.345149,0.310082,0.355678,0.166022,0.376338,0.343995,0.294754
image_00323.jpg,train,HOUSE,0.400972,0.448053,0.383979,0.411001,0.361109,0.347154,0.431032,0.220980
image_00324.jpg,train,HOUSE,0.499843,0.351525,0.226758,0.359375,0.109849,0.598235,0.565833,0.199479
image_00325.jpg,train,HOUSE,0.420530,0.412988,0.342757,0.392092,0.501437,0.376008,0.432333,0.229912
image_00326.jpg,train,HOUSE,0.436127,0.461804,0.461133,0.453022,0.352610,0.347022,0.509620,0.207637
image_00327.jpg,train,EDM_DROP,0.259967,0.298941,0.213548,0.257486,0.322968,0.443180,0.381005,0.231760
image_00328.jpg,train,CINEMATIC,0.256622,0.245527,0.257908,0.253352,0.484237,0.171290,0.243036,0.202183
image_00329.jpg,train,EDM_CHILL,0.649601,0.679720,0.737958,0.689093,0.557424,0.176426,0.361031,0.110324
image_00330.jpg,test,CINEMATIC,0.374134,0.381149,0.383391,0.379558,0.335080,0.117670,0.182478,0.241040
image_00331.jpg,train,HOUSE,0.738811,0.566924,0.423973,0.576570,0.081577,0.438694,0.466400,0.169789
image_00332.jpg,train,CINEMATIC,0.379153,0.334913,0.248043,0.320703,0.146474,0.336747,0.429002,0.257554
image_00333.jpg,train,HOUSE,0.596728,0.599347,0.598815,0.598297,0.416611,0.394272,0.771574,0.346833
image_00334.jpg,train,CINEMATIC,0.538839,0.503727,0.450751,0.497772,0.233768,0.237345,0.417636,0.199881
image_00335.jpg,train,CINEMATIC,0.512565,0.450199,0.424317,0.462360,0.302548,0.325719,0.427714,0.293528
image_00336.jpg,test,HOUSE,0.597087,0.467549,0.398294,0.487643,0.175007,0.419546,0.648443,0.325860
image_00337.jpg,train,HOUSE,0.462377,0.350786,0.298046,0.370403,0.179719,0.423225,0.537362,0.231082
image_00338.jpg,train,HOUSE,0.641751,0.605751,0.544368,0.597290,0.264443,0.273981,0.458722,0.242131
image_00339.jpg,test,EDM_DROP,0.220909,0.269370,0.221018,0.237099,0.353022,0.618114,0.490277,0.229312
image_00340.jpg,train,CINEMATIC,0.346966,0.318038,0.292960,0.319321,0.359587,0.229793,0.306563,0.183072
image_00341.jpg,test,EDM_CHILL,0.566176,0.591610,0.569334,0.575707,0.396701,0.190506,0.238422,0.307904
image_00342.jpg,train,CINEMATIC,0.433675,0.446083,0.345420,0.408392,0.299614,0.306658,0.353600,0.181027
image_00343.jpg,train,HOUSE,0.421784,0.377935,0.383840,0.394520,0.421162,0.434554,0.477314,0.282862
image_00344.jpg,test,HOUSE,0.415745,0.421662,0.326826,0.388078,0.231325,0.436755,0.557261,0.271898
image_00345.jpg,train,CINEMATIC,0.366853,0.428057,0.441240,0.412050,0.451874,0.422585,0.422505,0.283011
image_00346.jpg,train,CINEMATIC,0.519757,0.493054,0.477035,0.496615,0.344276,0.205365,0.387803,0.245942
image_00347.jpg,train,HOUSE,0.318880,0.408900,0.461421,0.396400,0.495051,0.397891,0.623299,0.247752
image_00348.jpg,test,HOUSE,0.471532,0.441069,0.206920,0.373174,0.227418,0.623089,0.781388,0.171773
image_00349.jpg,train,EDM_CHILL,0.453427,0.503197,0.571479,0.509368,0.546599,0.245795,0.341368,0.221554
image_00350.jpg,train,HOUSE,0.391605,0.445172,0.409758,0.415511,0.387111,0.293230,0.442358,0.244455
image_00351.jpg,train,HOUSE,0.512744,0.451511,0.383324,0.449193,0.253967,0.396556,0.651256,0.218161
image_00352.jpg,train,EDM_CHILL,0.359437,0.453805,0.551154,0.454798,0.518132,0.385360,0.528209,0.149121
image_00353.jpg,train,EDM_CHILL,0.379399,0.466077,0.608548,0.484675,0.605002,0.471744,0.420075,0.250885
image_00354.jpg,train,HOUSE,0.470690,0.403023,0.246294,0.373336,0.163123,0.545443,0.609838,0.229023
image_00355.jpg,train,CINEMATIC,0.387770,0.372253,0.360281,0.373435,0.359942,0.255152,0.342757,0.193090
image_00356.jpg,train,CINEMATIC,0.377683,0.368564,0.398700,0.381649,0.445617,0.296448,0.363312,0.294434
image_00357.jpg,train,CINEMATIC,0.519989,0.507960,0.495981,0.507977,0.405192,0.121667,0.273965,0.248173
image_00358.jpg,train,EDM_DROP,0.303014,0.221470,0.166737,0.230407,0.114661,0.539655,0.388906,0.203800
image_00359.jpg,train,EDM_DROP,0.177612,0.210222,0.190790,0.192875,0.270204,0.279088,0.235547,0.271200
image_00360.jpg,train,HOUSE,0.728105,0.342962,0.288516,0.453194,0.145722,0.562759,1.000000,0.247473
image_00361.jpg,train,CINEMATIC,0.388179,0.418550,0.342414,0.383048,0.313837,0.291375,0.328634,0.198094
image_00362.jpg,train,EDM_DROP,0.296763,0.258884,0.215321,0.256989,0.129447,0.492065,0.249700,0.313084
image_00363.jpg,train,EDM_DROP,0.225969,0.211937,0.164746,0.200884,0.227552,0.504340,0.319012,0.270330
image_00364.jpg,train,CINEMATIC,0.387944,0.318902,0.272934,0.326593,0.214674,0.379987,0.508530,0.249307
image_00365.jpg,train,EDM_DROP,0.399857,0.209575,0.178341,0.262591,0.397596,0.516026,0.785888,0.120560
image_00366.jpg,train,HOUSE,0.500908,0.421762,0.360156,0.427608,0.205749,0.488723,0.674259,0.223609
image_00367.jpg,train,EDM_DROP,0.179545,0.155690,0.146810,0.160682,0.286112,0.360746,0.252854,0.218861
image_00368.jpg,train,CINEMATIC,0.378802,0.438489,0.428723,0.415338,0.443222,0.206175,0.214629,0.153175
image_00369.jpg,train,EDM_CHILL,0.523260,0.547555,0.581345,0.550720,0.556256,0.112124,0.150483,0.192837
image_00370.jpg,train,CINEMATIC,0.349652,0.304679,0.231054,0.295128,0.179058,0.361058,0.370835,0.265153
image_00371.jpg,train,CINEMATIC,0.492527,0.451329,0.398209,0.447355,0.226311,0.273376,0.425706,0.224720
image_00372.jpg,train,CINEMATIC,0.373563,0.375584,0.389756,0.379634,0.409097,0.195941,0.250036,0.160535
image_00373.jpg,train,EDM_DROP,0.326089,0.312923,0.207239,0.282084,0.191063,0.520654,0.364708,0.229630
image_00374.jpg,train,HOUSE,0.657905,0.328486,0.197390,0.394594,0.158032,0.689265,1.000000,0.144814
image_00375.jpg,train,HOUSE,0.356734,0.399129,0.207493,0.321119,0.213488,0.583482,0.457497,0.170864
image_00376.jpg,train,HOUSE,0.505713,0.367820,0.302424,0.391986,0.190959,0.540281,0.660820,0.224748
image_00377.jpg,train,CINEMATIC,0.458362,0.427509,0.415569,0.433813,0.437093,0.291051,0.390279,0.278168
image_00378.jpg,train,EDM_CHILL,0.400652,0.455615,0.546010,0.467426,0.460992,0.457853,0.886135,0.158305
image_00379.jpg,test,HOUSE,0.441611,0.361683,0.287241,0.363512,0.272410,0.380115,0.652614,0.267498
image_00380.jpg,test,HOUSE,0.422583,0.350386,0.204584,0.325851,0.156097,0.581192,0.653203,0.208226
image_00381.jpg,test,CINEMATIC,0.287936,0.299364,0.215838,0.267713,0.247336,0.364400,0.285180,0.196490
image_00382.jpg,train,HOUSE,0.423158,0.397459,0.258835,0.359817,0.201223,0.470177,0.502687,0.266778
image_00383.jpg,train,HOUSE,0.611062,0.535208,0.493275,0.546515,0.285801,0.306752,0.581081,0.199847
image_00384.jpg,train,CINEMATIC,0.322298,0.296252,0.249199,0.289250,0.146950,0.259260,0.252084,0.240821
image_00385.jpg,train,EDM_DROP,0.140292,0.160546,0.206209,0.169015,0.527946,0.484300,0.242956,0.194554
image_00386.jpg,train,HOUSE,0.353351,0.385164,0.382086,0.373534,0.336064,0.352465,0.589685,0.289107
image_00387.jpg,train,EDM_DROP,0.278812,0.316169,0.239846,0.278276,0.320092,0.422616,0.344842,0.196921
image_00388.jpg,train,EDM_CHILL,0.368516,0.432856,0.506654,0.436008,0.505730,0.298997,0.470153,0.213560
image_00389.jpg,train,CINEMATIC,0.343729,0.372179,0.264092,0.326667,0.226206,0.418943,0.348190,0.247673
image_00390.jpg,test,CINEMATIC,0.467053,0.443724,0.452707,0.454495,0.441274,0.146515,0.267360,0.236504
image_00391.jpg,train,CINEMATIC,0.527273,0.471349,0.464426,0.487683,0.346318,0.211190,0.319798,0.289320
image_00392.jpg,test,CINEMATIC,0.400755,0.360382,0.330978,0.364038,0.170086,0.243767,0.253239,0.145973
image_00393.jpg,train,HOUSE,0.244036,0.466829,0.607517,0.439461,0.510006,0.765063,1.000000,0.160379
image_00394.jpg,train,CINEMATIC,0.327337,0.283812,0.222553,0.277901,0.166290,0.349364,0.415845,0.183535
image_00395.jpg,train,HOUSE,0.445062,0.422547,0.384342,0.417317,0.309149,0.467874,0.693657,0.217100
image_00396.jpg,train,EDM_CHILL,0.664625,0.629187,0.587854,0.627222,0.106570,0.123871,0.135964,0.113622
image_00397.jpg,test,HOUSE,0.407113,0.538666,0.259044,0.401608,0.257266,0.594896,0.646419,0.161324
image_00398.jpg,train,HOUSE,0.537946,0.572537,0.466167,0.525550,0.283093,0.420941,0.785345,0.208096
image_00399.jpg,train,EDM_CHILL,0.437882,0.492875,0.553678,0.494812,0.502124,0.329668,0.616603,0.227754
image_00400.jpg,train,CINEMATIC,0.446925,0.417942,0.382165,0.415677,0.210809,0.222290,0.230774,0.241854
image_00401.jpg,train,HOUSE,0.479638,0.395206,0.350134,0.408326,0.417519,0.513084,0.807005,0.377034
image_00402.jpg,train,EDM_CHILL,0.552059,0.534055,0.514454,0.533522,0.349412,0.173910,0.292344,0.181313
image_00403.jpg,train,HOUSE,0.551998,0.607608,0.328054,0.495887,0.253279,0.486042,0.635605,0.238530
image_00404.jpg,train,CINEMATIC,0.358353,0.361259,0.350170,0.356594,0.326470,0.193713,0.235222,0.240734
image_00405.jpg,train,CINEMATIC,0.355612,0.348847,0.210611,0.305023,0.188957,0.455351,0.428217,0.136578
image_00406.jpg,test,CINEMATIC,0.320670,0.344958,0.308893,0.324840,0.357549,0.329437,0.398292,0.223707
image_00407.jpg,train,CINEMATIC,0.470868,0.488212,0.484181,0.481087,0.459742,0.125668,0.265541,0.175514
image_00408.jpg,train,EDM_CHILL,0.458481,0.487385,0.529582,0.491816,0.435786,0.258195,0.418179,0.167184
image_00409.jpg,train,EDM_CHILL,0.676518,0.714200,0.737920,0.709546,0.389857,0.227988,0.472226,0.176929
image_00410.jpg,train,EDM_DROP,0.213433,0.175090,0.092981,0.160501,0.122765,0.670071,0.268434,0.167862
image_00411.jpg,test,EDM_CHILL,0.520935,0.566147,0.446305,0.511129,0.355993,0.326695,0.379847,0.216432
image_00412.jpg,train,HOUSE,0.439050,0.476610,0.335509,0.417056,0.291737,0.418837,0.415161,0.226406
image_00413.jpg,train,HOUSE,0.509409,0.493918,0.495201,0.499510,0.332841,0.300147,0.388950,0.378968
image_00414.jpg,train,HOUSE,0.389152,0.427148,0.486930,0.434410,0.539603,0.398314,0.586978,0.180365
image_00415.jpg,train,CINEMATIC,0.246578,0.223181,0.197997,0.222585,0.204877,0.321402,0.250540,0.228559
image_00416.jpg,train,CINEMATIC,0.370923,0.356396,0.372203,0.366507,0.427901,0.258134,0.268765,0.276432
image_00417.jpg,train,EDM_DROP,0.216417,0.214864,0.218539,0.216607,0.369197,0.259600,0.150464,0.237176
image_00418.jpg,train,HOUSE,0.553539,0.500652,0.431036,0.495075,0.246500,0.287775,0.405936,0.242151
image_00419.jpg,train,HOUSE,0.465449,0.435852,0.392496,0.431266,0.519511,0.494666,0.977614,0.250820
image_00420.jpg,train,EDM_DROP,0.266744,0.235999,0.199983,0.234242,0.379275,0.471338,0.489830,0.234324
image_00421.jpg,test,CINEMATIC,0.482259,0.517764,0.394169,0.464731,0.295190,0.258188,0.395872,0.212578
image_00422.jpg,train,EDM_CHILL,0.587221,0.579472,0.556103,0.574265,0.354124,0.148231,0.221921,0.225203
image_00423.jpg,train,CINEMATIC,0.346630,0.332129,0.297220,0.325326,0.400348,0.258530,0.335295,0.160113
image_00424.jpg,test,HOUSE,0.683791,0.541446,0.534553,0.586597,0.428963,0.344917,0.917272,0.266992
image_00425.jpg,train,EDM_CHILL,0.572748,0.538825,0.535609,0.549061,0.372700,0.136566,0.342442,0.196188
image_00426.jpg,train,HOUSE,0.529689,0.446295,0.392217,0.456067,0.223356,0.325944,0.417132,0.261744
image_00427.jpg,train,CINEMATIC,0.421348,0.410371,0.357951,0.396557,0.340197,0.279158,0.290062,0.157080
image_00428.jpg,train,HOUSE,0.436639,0.401513,0.314576,0.384243,0.255162,0.478879,0.811995,0.166314
image_00429.jpg,train,HOUSE,0.353170,0.360917,0.261207,0.325098,0.313070,0.440090,0.575646,0.199233
image_00430.jpg,train,HOUSE,0.433126,0.369006,0.314600,0.372244,0.216187,0.387226,0.427797,0.222429
image_00431.jpg,train,EDM_CHILL,0.536538,0.524068,0.503018,0.521208,0.321992,0.107229,0.186533,0.134881
image_00432.jpg,train,HOUSE,0.518119,0.507303,0.437092,0.487504,0.269248,0.236395,0.549147,0.237948
image_00433.jpg,train,EDM_CHILL,0.655226,0.613908,0.605580,0.624905,0.349241,0.147789,0.255408,0.238832
image_00434.jpg,train,EDM_CHILL,0.423656,0.611919,0.609500,0.548358,0.490954,0.400869,0.383007,0.233478
image_00435.jpg,train,CINEMATIC,0.398371,0.419977,0.332810,0.383719,0.275555,0.310903,0.296123,0.212220
image_00436.jpg,test,EDM_CHILL,0.566359,0.577785,0.508540,0.550895,0.266422,0.329257,0.560157,0.151704
image_00437.jpg,train,HOUSE,0.529460,0.542459,0.435306,0.502408,0.384090,0.323699,0.732826,0.232566
image_00438.jpg,train,EDM_DROP,0.232852,0.246690,0.235467,0.238336,0.348503,0.507125,0.582732,0.267106
image_00439.jpg,train,CINEMATIC,0.435050,0.425079,0.345006,0.401712,0.234571,0.332519,0.339146,0.203839
image_00440.jpg,train,HOUSE,0.364996,0.439725,0.356678,0.387133,0.398756,0.427320,0.560403,0.320848
image_00441.jpg,train,EDM_CHILL,0.526284,0.526801,0.461775,0.504954,0.291196,0.201985,0.284845,0.261059
image_00442.jpg,train,CINEMATIC,0.292818,0.306072,0.286477,0.295123,0.259563,0.362331,0.448470,0.247931
image_00443.jpg,train,EDM_DROP,0.262457,0.225179,0.160616,0.216084,0.278856,0.577214,0.594956,0.164681
image_00444.jpg,train,EDM_CHILL,0.580086,0.628448,0.670260,0.626265,0.463066,0.234790,0.450940,0.236403
image_00445.jpg,train,CINEMATIC,0.513722,0.519869,0.469216,0.500936,0.331043,0.236207,0.373629,0.239413
image_00446.jpg,train,EDM_DROP,0.365962,0.257312,0.242480,0.288585,0.274592,0.451873,0.526541,0.277869
image_00447.jpg,test,HOUSE,0.283851,0.370814,0.446154,0.366939,0.458097,0.445689,0.695626,0.235645
image_00448.jpg,train,EDM_DROP,0.287886,0.260011,0.241141,0.263013,0.346982,0.290857,0.342692,0.302390
image_00449.jpg,train,HOUSE,0.594169,0.470906,0.440638,0.501905,0.314637,0.323767,0.738364,0.268000
image_00450.jpg,test,HOUSE,0.449115,0.484434,0.583587,0.505712,0.382128,0.458317,0.939118,0.288469
image_00451.jpg,test,HOUSE,0.447077,0.431301,0.210084,0.362821,0.183626,0.567655,0.487601,0.112702
image_00452.jpg,train,CINEMATIC,0.442863,0.438549,0.426897,0.436103,0.105759,0.050866,0.112162,0.303820
image_00453.jpg,train,HOUSE,0.540796,0.521721,0.371635,0.478051,0.177913,0.383515,0.454180,0.198377
image_00454.jpg,test,HOUSE,0.648647,0.577775,0.548908,0.591777,0.310543,0.268328,0.462266,0.237996
image_00455.jpg,train,CINEMATIC,0.457349,0.425950,0.377918,0.420406,0.263462,0.300114,0.346780,0.238647
image_00456.jpg,train,HOUSE,0.465511,0.420416,0.432362,0.439430,0.294070,0.355057,0.666940,0.350473
image_00457.jpg,train,EDM_DROP,0.303028,0.242188,0.175117,0.240111,0.180062,0.542894,0.357628,0.262773
image_00458.jpg,train,EDM_CHILL,0.650221,0.635204,0.599677,0.628368,0.307872,0.145693,0.258027,0.175034
image_00459.jpg,train,EDM_DROP,0.246095,0.219976,0.174518,0.213530,0.472922,0.470602,0.638977,0.208428
image_00460.jpg,train,HOUSE,0.350374,0.312609,0.279089,0.314024,0.267493,0.423225,0.563251,0.196145
image_00461.jpg,train,HOUSE,0.459929,0.426206,0.354359,0.413498,0.274628,0.303777,0.501950,0.228829
image_00462.jpg,train,EDM_CHILL,0.607602,0.679563,0.711595,0.666253,0.522447,0.192776,0.286589,0.197426
image_00463.jpg,train,EDM_CHILL,0.551956,0.530914,0.520315,0.534395,0.384610,0.148405,0.318425,0.276466
image_00464.jpg,train,HOUSE,0.502761,0.401077,0.297375,0.400404,0.201767,0.428830,0.765340,0.170374
image_00465.jpg,test,EDM_CHILL,0.637717,0.639264,0.631513,0.636164,0.335293,0.045717,0.076125,0.201923
image_00466.jpg,train,CINEMATIC,0.357007,0.341858,0.328222,0.342362,0.292891,0.221439,0.209649,0.304920
image_00467.jpg,train,HOUSE,0.579461,0.553481,0.331957,0.488299,0.245779,0.481340,0.584104,0.200816
image_00468.jpg,test,HOUSE,0.332193,0.366049,0.228755,0.308999,0.285284,0.541726,0.447333,0.223723
image_00469.jpg,test,EDM_DROP,0.300774,0.142352,0.146428,0.196518,0.552798,0.450811,0.960206,0.219969
image_00470.jpg,train,HOUSE,0.563025,0.377885,0.227774,0.389561,0.143070,0.606245,0.845065,0.242317
image_00471.jpg,train,CINEMATIC,0.398012,0.420914,0.398686,0.405871,0.273693,0.140159,0.125645,0.332897
image_00472.jpg,train,EDM_CHILL,0.490500,0.500751,0.501375,0.497542,0.524522,0.193211,0.303594,0.347365
image_00473.jpg,test,HOUSE,0.335299,0.391527,0.443138,0.389988,0.460139,0.422166,0.494196,0.322139
image_00474.jpg,train,EDM_DROP,0.267785,0.321217,0.271490,0.286830,0.339448,0.409313,0.289658,0.279133
image_00475.jpg,train,EDM_CHILL,0.540782,0.520100,0.508956,0.523279,0.360354,0.216363,0.243944,0.275609
image_00476.jpg,train,HOUSE,0.463491,0.372556,0.349362,0.395137,0.326172,0.388103,0.502642,0.211638
image_00477.jpg,test,HOUSE,0.556815,0.587032,0.248462,0.464103,0.176766,0.609137,0.459579,0.116894
image_00478.jpg,test,EDM_DROP,0.177642,0.128812,0.102300,0.136252,0.294748,0.560667,0.377664,0.157303
image_00479.jpg,train,EDM_CHILL,0.516766,0.506773,0.483891,0.502477,0.276259,0.132914,0.203675,0.176935
image_00480.jpg,train,HOUSE,0.468212,0.397283,0.301195,0.388896,0.249595,0.417236,0.560978,0.275698
image_00481.jpg,train,HOUSE,0.592702,0.526238,0.378107,0.499016,0.154648,0.415535,0.661373,0.283260
image_00482.jpg,train,EDM_CHILL,0.527101,0.492605,0.500689,0.506798,0.452212,0.209476,0.445818,0.202784
image_00483.jpg,train,EDM_DROP,0.246822,0.318162,0.346076,0.303687,0.409230,0.548261,0.544559,0.144339
image_00484.jpg,train,CINEMATIC,0.482106,0.422608,0.382446,0.429054,0.280472,0.263467,0.315538,0.193382
image_00485.jpg,test,HOUSE,0.463315,0.574640,0.577181,0.538378,0.464434,0.437885,1.000000,0.212033
image_00486.jpg,train,CINEMATIC,0.257515,0.235285,0.245422,0.246074,0.443583,0.149795,0.207261,0.182515
image_00487.jpg,test,HOUSE,0.562398,0.680920,0.493757,0.579025,0.274589,0.355235,0.620637,0.174226
image_00488.jpg,train,EDM_CHILL,0.499320,0.554749,0.599035,0.551035,0.444142,0.272921,0.461300,0.131544
image_00489.jpg,train,HOUSE,0.475502,0.430466,0.378884,0.428284,0.305390,0.548523,0.559972,0.327351
image_00490.jpg,train,EDM_CHILL,0.550865,0.535204,0.551423,0.545831,0.553699,0.133585,0.193136,0.313360
image_00491.jpg,train,HOUSE,0.535723,0.478986,0.450564,0.488424,0.234655,0.275951,0.429951,0.299394
image_00492.jpg,train,HOUSE,0.513061,0.345406,0.293658,0.384042,0.207381,0.465385,0.839297,0.322014
image_00493.jpg,train,CINEMATIC,0.364620,0.391151,0.263483,0.339751,0.245789,0.372322,0.423875,0.172555
image_00494.jpg,train,HOUSE,0.584243,0.379340,0.224358,0.395980,0.109051,0.651170,0.644121,0.225445
image_00495.jpg,train,HOUSE,0.522414,0.369821,0.299510,0.397248,0.331575,0.566380,0.770604,0.217163
image_00496.jpg,train,CINEMATIC,0.494314,0.505293,0.467781,0.489130,0.339440,0.243139,0.226555,0.278105
image_00497.jpg,train,EDM_DROP,0.255266,0.250818,0.262307,0.256130,0.352159,0.266655,0.249539,0.315630
image_00498.jpg,train,CINEMATIC,0.485643,0.436485,0.429584,0.450570,0.406352,0.151093,0.268059,0.152273
image_00499.jpg,train,EDM_CHILL,0.563948,0.622940,0.689272,0.625387,0.516811,0.183474,0.339903,0.209248
image_00500.jpg,train,EDM_DROP,0.395741,0.171235,0.156904,0.241293,0.289912,0.513219,0.907350,0.155548
image_00501.jpg,train,HOUSE,0.507912,0.357076,0.300695,0.388561,0.178825,0.548953,0.695455,0.290379
image_00502.jpg,train,CINEMATIC,0.411771,0.420596,0.452958,0.428442,0.502550,0.236650,0.301533,0.290352
image_00503.jpg,train,EDM_CHILL,0.651187,0.664930,0.643232,0.653116,0.279844,0.068119,0.152837,0.181769
image_00504.jpg,train,EDM_DROP,0.252649,0.307818,0.266597,0.275688,0.328227,0.524420,0.555976,0.288558
image_00505.jpg,test,HOUSE,0.579014,0.387993,0.283741,0.416916,0.251328,0.508330,0.672515,0.230300
image_00506.jpg,test,EDM_CHILL,0.576464,0.565079,0.562227,0.567923,0.447799,0.134396,0.191570,0.288898
image_00507.jpg,test,CINEMATIC,0.499028,0.467654,0.403709,0.456797,0.285451,0.254953,0.368420,0.249197
image_00508.jpg,train,EDM_CHILL,0.538468,0.573949,0.528751,0.547056,0.343250,0.176605,0.176616,0.201236
image_00509.jpg,train,EDM_CHILL,0.618027,0.614387,0.632275,0.621563,0.552011,0.082780,0.141184,0.193740
image_00510.jpg,train,EDM_CHILL,0.551425,0.545146,0.544256,0.546942,0.415282,0.142038,0.236388,0.290946
image_00511.jpg,train,EDM_CHILL,0.658837,0.663663,0.676867,0.666456,0.618662,0.025895,0.028153,0.042470
image_00512.jpg,train,CINEMATIC,0.407270,0.398941,0.376922,0.394378,0.368887,0.251080,0.349830,0.161995
image_00513.jpg,test,CINEMATIC,0.487596,0.452405,0.371250,0.437084,0.125816,0.260325,0.211444,0.135882
image_00514.jpg,train,HOUSE,0.459945,0.473219,0.382313,0.438492,0.306856,0.405477,0.540337,0.274668
image_00515.jpg,train,CINEMATIC,0.487350,0.442512,0.448175,0.459346,0.478406,0.231966,0.407035,0.328472
image_00516.jpg,train,HOUSE,0.376009,0.287023,0.291111,0.318048,0.372189,0.413953,0.652840,0.241100
image_00517.jpg,train,CINEMATIC,0.363685,0.335382,0.323283,0.340783,0.311658,0.207423,0.216823,0.216203
image_00518.jpg,train,HOUSE,0.527652,0.487482,0.476983,0.497372,0.347293,0.250798,0.426758,0.244085
image_00519.jpg,train,CINEMATIC,0.462666,0.425017,0.369898,0.419194,0.244489,0.266424,0.379093,0.213970
image_00520.jpg,train,HOUSE,0.664646,0.547234,0.409873,0.540584,0.117228,0.420104,0.643582,0.212369
image_00521.jpg,test,HOUSE,0.401136,0.397860,0.308631,0.369209,0.278802,0.417997,0.457012,0.273475
image_00522.jpg,train,CINEMATIC,0.392826,0.354016,0.355085,0.367309,0.460924,0.225267,0.353261,0.265655
image_00523.jpg,train,CINEMATIC,0.578541,0.500118,0.400611,0.493090,0.136202,0.319721,0.294031,0.086330
image_00524.jpg,train,HOUSE,0.576286,0.395524,0.302217,0.424676,0.130031,0.523410,0.836026,0.187905
image_00525.jpg,train,CINEMATIC,0.510042,0.448977,0.367649,0.442223,0.133691,0.332273,0.324191,0.254280
image_00526.jpg,train,CINEMATIC,0.252223,0.225136,0.210052,0.229137,0.276737,0.341516,0.249296,0.205491
image_00527.jpg,train,HOUSE,0.585437,0.531688,0.591363,0.569496,0.511639,0.291379,0.503850,0.346539
image_00528.jpg,train,HOUSE,0.361924,0.290686,0.296893,0.316501,0.398102,0.422004,0.634918,0.279151
image_00529.jpg,train,EDM_DROP,0.253574,0.243187,0.234608,0.243789,0.414746,0.404205,0.222774,0.260690
image_00530.jpg,train,EDM_DROP,0.337284,0.232945,0.230508,0.266912,0.452198,0.454358,0.502455,0.319364
image_00531.jpg,train,CINEMATIC,0.411658,0.412905,0.430513,0.418359,0.490610,0.322980,0.382135,0.272204
image_00532.jpg,train,HOUSE,0.510280,0.507865,0.472131,0.496758,0.320790,0.310293,0.524724,0.183040
image_00533.jpg,train,EDM_CHILL,0.553377,0.539063,0.523419,0.538620,0.416214,0.215039,0.439583,0.203244
image_00534.jpg,train,CINEMATIC,0.284397,0.297361,0.288362,0.290040,0.458959,0.171407,0.152250,0.116188
image_00535.jpg,train,CINEMATIC,0.333939,0.312503,0.315628,0.320690,0.368336,0.226778,0.198223,0.195152
image_00536.jpg,train,HOUSE,0.328678,0.393384,0.467501,0.396521,0.480527,0.333432,0.468238,0.280715
image_00537.jpg,test,CINEMATIC,0.470744,0.454744,0.467613,0.464367,0.511488,0.136197,0.185940,0.218165
image_00538.jpg,test,CINEMATIC,0.443593,0.426415,0.383043,0.417683,0.194166,0.288367,0.238272,0.392620
image_00539.jpg,train,HOUSE,0.600276,0.420874,0.325871,0.449007,0.146342,0.429799,0.942599,0.336862
image_00540.jpg,train,CINEMATIC,0.430406,0.413312,0.449345,0.431021,0.506742,0.220084,0.330572,0.190937
image_00541.jpg,train,CINEMATIC,0.452713,0.452610,0.420378,0.441900,0.256024,0.132453,0.186038,0.166996
image_00542.jpg,train,CINEMATIC,0.433844,0.445170,0.438350,0.439121,0.358747,0.078168,0.102463,0.186297
image_00543.jpg,train,EDM_CHILL,0.537850,0.509485,0.506804,0.518046,0.311217,0.218233,0.366435,0.262078
image_00544.jpg,train,EDM_DROP,0.326721,0.307181,0.243846,0.292582,0.202144,0.434040,0.295936,0.278840
image_00545.jpg,train,EDM_CHILL,0.553445,0.540192,0.516799,0.536812,0.326545,0.247831,0.301391,0.371297
image_00546.jpg,train,HOUSE,0.403535,0.368896,0.328804,0.367078,0.301306,0.370340,0.447832,0.271709
image_00547.jpg,train,HOUSE,0.335467,0.369022,0.192741,0.299077,0.315402,0.562369,0.660032,0.213839
image_00548.jpg,train,EDM_CHILL,0.512006,0.536274,0.502738,0.517006,0.283295,0.190431,0.229895,0.320700
image_00549.jpg,test,CINEMATIC,0.434669,0.431402,0.406159,0.424077,0.275324,0.189002,0.141393,0.330587
image_00550.jpg,test,CINEMATIC,0.469320,0.432882,0.327111,0.409771,0.144446,0.342946,0.306554,0.212569
image_00551.jpg,train,HOUSE,0.495030,0.379133,0.325642,0.399935,0.182089,0.437081,0.573369,0.261093
image_00552.jpg,train,EDM_CHILL,0.469396,0.560404,0.631497,0.553766,0.438621,0.284460,0.620579,0.199332
image_00553.jpg,train,CINEMATIC,0.239366,0.194649,0.182543,0.205519,0.263062,0.224763,0.386986,0.200827
image_00554.jpg,train,CINEMATIC,0.409138,0.408487,0.392578,0.403401,0.253460,0.258796,0.278429,0.285049
image_00555.jpg,train,HOUSE,0.602077,0.468410,0.357195,0.475894,0.135847,0.469173,0.619602,0.280025
image_00556.jpg,train,EDM_DROP,0.292043,0.251779,0.222978,0.255600,0.217973,0.462998,0.452858,0.281678
image_00557.jpg,train,EDM_CHILL,0.520132,0.613925,0.652557,0.595538,0.492355,0.284242,0.404704,0.172312
image_00558.jpg,test,EDM_CHILL,0.649313,0.653806,0.594396,0.632505,0.323122,0.181650,0.470293,0.131216
image_00559.jpg,train,EDM_CHILL,0.728720,0.712759,0.687051,0.709510,0.408384,0.144729,0.303094,0.246607
image_00560.jpg,train,EDM_DROP,0.318049,0.313239,0.184859,0.272049,0.231930,0.539948,0.565480,0.168644
image_00561.jpg,train,HOUSE,0.749610,0.659414,0.622142,0.677055,0.168963,0.216373,0.531543,0.274061
image_00562.jpg,train,HOUSE,0.387971,0.362486,0.294071,0.348176,0.313580,0.493717,0.699574,0.174117
image_00563.jpg,train,CINEMATIC,0.504893,0.484663,0.460887,0.483481,0.231001,0.183521,0.231835,0.294429
image_00564.jpg,train,CINEMATIC,0.378090,0.361168,0.378599,0.372619,0.349646,0.339803,0.415663,0.312567
image_00565.jpg,train,EDM_CHILL,0.586548,0.549538,0.555070,0.563719,0.428514,0.217160,0.415423,0.238138
image_00566.jpg,train,HOUSE,0.431513,0.350035,0.331200,0.370916,0.433805,0.270032,0.646996,0.194735
image_00567.jpg,train,CINEMATIC,0.549943,0.497588,0.426173,0.491234,0.136227,0.278426,0.365243,0.158256
image_00568.jpg,train,CINEMATIC,0.435373,0.464029,0.417034,0.438812,0.446210,0.172779,0.254588,0.138340
image_00569.jpg,train,EDM_DROP,0.201839,0.110689,0.041690,0.118073,0.086473,0.802263,0.423172,0.104730
image_00570.jpg,train,HOUSE,0.606844,0.460259,0.375399,0.480834,0.236055,0.450568,1.000000,0.323781
image_00571.jpg,train,HOUSE,0.538438,0.391225,0.267800,0.399154,0.168480,0.594752,0.723563,0.312725
image_00572.jpg,train,EDM_DROP,0.206627,0.169827,0.157311,0.177922,0.352002,0.416840,0.383909,0.230557
image_00573.jpg,train,HOUSE,0.512328,0.425714,0.318687,0.418910,0.115823,0.383939,0.498654,0.344848
image_00574.jpg,test,EDM_DROP,0.302164,0.274782,0.178246,0.251731,0.283799,0.606888,0.816787,0.228487
image_00575.jpg,train,EDM_CHILL,0.425868,0.505791,0.519853,0.483837,0.369415,0.323883,0.544667,0.163353
image_00576.jpg,train,CINEMATIC,0.363672,0.360574,0.363462,0.362569,0.373779,0.220939,0.230682,0.252412
image_00577.jpg,train,EDM_CHILL,0.705175,0.652703,0.681962,0.679946,0.596760,0.239171,0.477748,0.346736
image_00578.jpg,train,CINEMATIC,0.415417,0.343183,0.287633,0.348744,0.127132,0.357995,0.385488,0.199386
image_00579.jpg,train,HOUSE,0.366387,0.297183,0.279555,0.314375,0.414242,0.521937,0.760479,0.300593
image_00580.jpg,train,CINEMATIC,0.367622,0.313934,0.234391,0.305316,0.120248,0.434342,0.317285,0.275764
image_00581.jpg,train,EDM_CHILL,0.595717,0.635986,0.639632,0.623778,0.354110,0.246393,0.555137,0.197795
image_00582.jpg,train,HOUSE,0.512707,0.501222,0.375680,0.463203,0.245152,0.412675,0.557646,0.205453
image_00583.jpg,test,CINEMATIC,0.306761,0.257656,0.233734,0.266050,0.341370,0.388200,0.450929,0.201339
image_00584.jpg,test,CINEMATIC,0.448191,0.464112,0.445188,0.452497,0.344688,0.231347,0.301920,0.233588
image_00585.jpg,train,EDM_CHILL,0.601937,0.573393,0.533031,0.569454,0.231603,0.154349,0.216359,0.249268
image_00586.jpg,train,EDM_CHILL,0.529142,0.496909,0.458984,0.495012,0.448883,0.218391,0.514248,0.201239
image_00587.jpg,train,EDM_CHILL,0.404538,0.554091,0.550312,0.502980,0.472280,0.290933,0.325138,0.158819
image_00588.jpg,train,CINEMATIC,0.467599,0.480880,0.359116,0.435865,0.219084,0.290423,0.292174,0.128107
image_00589.jpg,train,CINEMATIC,0.383946,0.405380,0.309722,0.366349,0.273037,0.412804,0.431813,0.222048
image_00590.jpg,train,HOUSE,0.410542,0.571831,0.468762,0.483711,0.328401,0.692627,1.000000,0.202814
image_00591.jpg,train,CINEMATIC,0.235727,0.259003,0.313124,0.269284,0.553496,0.343423,0.319244,0.250214
image_00592.jpg,train,CINEMATIC,0.443185,0.452373,0.458882,0.451480,0.450329,0.115124,0.101883,0.249728
image_00593.jpg,train,HOUSE,0.401255,0.467464,0.449373,0.439364,0.442090,0.284070,0.579603,0.249316
image_00594.jpg,train,CINEMATIC,0.523456,0.515046,0.441903,0.493468,0.236479,0.300466,0.361062,0.254063
image_00595.jpg,train,CINEMATIC,0.636753,0.532938,0.408787,0.526159,0.097533,0.386362,0.415212,0.179865
image_00596.jpg,test,CINEMATIC,0.414577,0.404935,0.273822,0.364445,0.205888,0.374114,0.364900,0.159626
image_00597.jpg,train,EDM_CHILL,0.705672,0.704953,0.714210,0.708278,0.487808,0.235683,0.406015,0.329439
image_00598.jpg,train,EDM_CHILL,0.557274,0.601095,0.631618,0.596662,0.413394,0.174704,0.352636,0.263091
image_00599.jpg,train,HOUSE,0.409093,0.385028,0.327873,0.373998,0.464510,0.372751,0.680635,0.250703
image_00600.jpg,train,HOUSE,0.466028,0.422274,0.389855,0.426053,0.293276,0.315271,0.504958,0.248930
image_00601.jpg,train,HOUSE,0.369537,0.309964,0.245004,0.308168,0.345781,0.482275,0.739361,0.270434
image_00602.jpg,train,CINEMATIC,0.388677,0.386214,0.384328,0.386407,0.410094,0.289986,0.393929,0.228167
image_00603.jpg,test,EDM_CHILL,0.553845,0.569430,0.603185,0.575487,0.472308,0.184187,0.376471,0.200001
image_00604.jpg,train,CINEMATIC,0.545029,0.489228,0.437528,0.490595,0.202869,0.211540,0.367313,0.204586
image_00605.jpg,train,EDM_CHILL,0.338043,0.394839,0.323129,0.352004,0.308356,0.289143,0.286112,0.176084
image_00606.jpg,train,EDM_CHILL,0.441898,0.519620,0.635120,0.532212,0.514075,0.406712,0.629711,0.240631
image_00607.jpg,train,HOUSE,0.485442,0.378312,0.393969,0.419241,0.308116,0.634661,1.000000,0.187099
image_00608.jpg,train,EDM_CHILL,0.451192,0.469759,0.380089,0.433680,0.281058,0.247021,0.318227,0.177580
image_00609.jpg,train,EDM_CHILL,0.521510,0.503840,0.448649,0.491333,0.329589,0.300859,0.450232,0.172568
image_00610.jpg,train,EDM_CHILL,0.353005,0.385497,0.263895,0.334132,0.249244,0.383867,0.359775,0.212398
image_00611.jpg,train,HOUSE,0.419066,0.470532,0.250470,0.380023,0.222054,0.569337,0.562081,0.254388
image_00613.jpg,train,EDM_DROP,0.199252,0.216605,0.216282,0.210713,0.360563,0.369796,0.311009,0.206352
image_00614.jpg,train,HOUSE,0.328663,0.535967,0.618905,0.494511,0.494107,0.731400,1.000000,0.177939
image_00615.jpg,train,EDM_CHILL,0.238995,0.447215,0.438409,0.374873,0.443775,0.599446,0.729200,0.155281
image_00616.jpg,train,EDM_CHILL,0.637024,0.641524,0.650478,0.643009,0.399863,0.156864,0.269650,0.223470
image_00617.jpg,train,HOUSE,0.619423,0.562669,0.498980,0.560357,0.236335,0.259716,0.390621,0.243923
image_00618.jpg,train,HOUSE,0.491744,0.489751,0.376708,0.452734,0.318604,0.399315,0.567437,0.227479
image_00619.jpg,train,EDM_DROP,0.265894,0.226347,0.119370,0.203870,0.144133,0.605730,0.368381,0.139870
image_00620.jpg,train,EDM_CHILL,0.527328,0.537576,0.526580,0.530495,0.412827,0.163315,0.363640,0.324151
image_00621.jpg,train,HOUSE,0.466556,0.456385,0.357289,0.426744,0.234385,0.476981,0.444704,0.335688
image_00622.jpg,test,HOUSE,0.607513,0.629888,0.473423,0.570275,0.236816,0.369401,0.502496,0.286009
image_00623.jpg,test,EDM_DROP,0.233399,0.285552,0.248464,0.255805,0.404290,0.383738,0.343131,0.198634
image_00624.jpg,train,HOUSE,0.410169,0.404480,0.270957,0.361869,0.222637,0.552365,0.589762,0.260998
image_00625.jpg,train,HOUSE,0.481894,0.464793,0.462583,0.469757,0.366824,0.307739,0.623697,0.298810
image_00626.jpg,train,CINEMATIC,0.383686,0.333878,0.350712,0.356092,0.430841,0.282577,0.418684,0.288609
image_00627.jpg,train,HOUSE,0.627571,0.639956,0.497506,0.588344,0.257640,0.393606,0.610464,0.262111
image_00628.jpg,train,HOUSE,0.675417,0.577353,0.415337,0.556036,0.123789,0.404975,0.553772,0.210985
image_00629.jpg,train,CINEMATIC,0.518855,0.555933,0.577081,0.550623,0.397108,0.226669,0.293032,0.318886
image_00630.jpg,train,CINEMATIC,0.582137,0.542600,0.531850,0.552196,0.265523,0.128065,0.211368,0.248052
image_00631.jpg,test,CINEMATIC,0.372016,0.369165,0.296162,0.345781,0.222447,0.348361,0.295004,0.289958
image_00632.jpg,train,CINEMATIC,0.420168,0.320035,0.220673,0.320292,0.147569,0.436311,0.556349,0.218471
image_00633.jpg,train,EDM_CHILL,0.403772,0.413746,0.351991,0.389836,0.335561,0.369602,0.372624,0.252692
image_00634.jpg,train,EDM_CHILL,0.723902,0.693610,0.652838,0.690117,0.272759,0.164361,0.281669,0.190457
image_00635.jpg,train,EDM_DROP,0.496044,0.240946,0.221746,0.319579,0.273467,0.688281,0.886254,0.272444
image_00636.jpg,test,CINEMATIC,0.577680,0.565920,0.576233,0.573278,0.388622,0.110134,0.120663,0.305103
image_00637.jpg,train,HOUSE,0.520464,0.499839,0.431088,0.483797,0.241981,0.401882,0.565050,0.225381
image_00638.jpg,train,HOUSE,0.512075,0.503399,0.399278,0.471584,0.189137,0.344634,0.346638,0.306509
image_00639.jpg,test,EDM_CHILL,0.519528,0.526725,0.556368,0.534207,0.464367,0.281676,0.561829,0.278947
image_00640.jpg,test,EDM_CHILL,0.797499,0.758811,0.758399,0.771570,0.529831,0.107635,0.267783,0.214904
image_00641.jpg,test,CINEMATIC,0.560315,0.544375,0.517257,0.540649,0.107087,0.110634,0.202096,0.299295
image_00642.jpg,train,HOUSE,0.657232,0.625953,0.442057,0.575081,0.174168,0.351226,0.616305,0.230860
image_00643.jpg,train,CINEMATIC,0.616944,0.594866,0.547165,0.586325,0.333368,0.211009,0.280340,0.269785
image_00644.jpg,train,HOUSE,0.596086,0.430352,0.266159,0.430866,0.082435,0.581867,0.457272,0.141777
image_00645.jpg,train,EDM_CHILL,0.296564,0.505786,0.519384,0.440578,0.427056,0.475384,1.000000,0.285777
image_00646.jpg,train,EDM_CHILL,0.683189,0.654159,0.656112,0.664487,0.623437,0.088319,0.151896,0.207459
image_00647.jpg,train,CINEMATIC,0.371323,0.353510,0.288107,0.337647,0.176577,0.348684,0.282615,0.194138
image_00648.jpg,train,EDM_DROP,0.295376,0.297015,0.303469,0.298620,0.367509,0.497671,0.482898,0.311122
image_00649.jpg,train,HOUSE,0.589792,0.414919,0.352974,0.452562,0.136604,0.488963,0.483273,0.302277
image_00650.jpg,train,CINEMATIC,0.564390,0.547418,0.515596,0.542468,0.402429,0.215803,0.347079,0.209625
image_00651.jpg,train,CINEMATIC,0.390193,0.310305,0.231218,0.310572,0.127310,0.415936,0.436137,0.176968
image_00652.jpg,train,HOUSE,0.524626,0.505959,0.418488,0.483025,0.306273,0.378742,0.578303,0.158133
image_00653.jpg,train,HOUSE,0.477218,0.449600,0.338694,0.421837,0.239857,0.412187,0.510872,0.342336
image_00654.jpg,train,EDM_DROP,0.254445,0.272577,0.184822,0.237281,0.323316,0.409660,0.396322,0.202858
image_00655.jpg,train,EDM_CHILL,0.555109,0.552244,0.557796,0.555050,0.371337,0.298887,0.596216,0.216653
image_00656.jpg,train,CINEMATIC,0.466999,0.456023,0.430096,0.451039,0.318373,0.161790,0.234176,0.167999
image_00657.jpg,train,CINEMATIC,0.324422,0.302769,0.308161,0.311784,0.454928,0.380441,0.234727,0.272687
image_00658.jpg,train,EDM_CHILL,0.412142,0.423677,0.409867,0.415229,0.351907,0.264111,0.321108,0.180337
image_00659.jpg,train,EDM_CHILL,0.437785,0.451446,0.388561,0.425931,0.355174,0.269803,0.356372,0.245151
image_00661.jpg,test,CINEMATIC,0.471154,0.459302,0.451396,0.460617,0.365281,0.235422,0.289356,0.332099
image_00662.jpg,train,HOUSE,0.474728,0.504479,0.349005,0.442737,0.262105,0.354348,0.512769,0.300013
image_00663.jpg,train,HOUSE,0.455376,0.416454,0.294194,0.388675,0.139768,0.363549,0.358501,0.225363
image_00664.jpg,test,CINEMATIC,0.533867,0.541354,0.531600,0.535607,0.429696,0.184531,0.244864,0.233082
image_00665.jpg,train,EDM_CHILL,0.548710,0.618796,0.622884,0.596796,0.455431,0.230201,0.384704,0.207103
image_00666.jpg,test,CINEMATIC,0.383814,0.382586,0.259524,0.341974,0.176162,0.398122,0.425669,0.193628
image_00667.jpg,train,EDM_CHILL,0.430142,0.458292,0.363551,0.417328,0.342876,0.266550,0.529911,0.252652
image_00668.jpg,train,CINEMATIC,0.558563,0.542952,0.484687,0.528734,0.313984,0.205928,0.319938,0.284380
image_00669.jpg,train,HOUSE,0.418516,0.424090,0.238998,0.360535,0.199779,0.531145,0.555040,0.229503
image_00670.jpg,train,CINEMATIC,0.480024,0.458184,0.465452,0.467887,0.457371,0.197934,0.293277,0.251364
image_00671.jpg,train,HOUSE,0.550474,0.484208,0.301700,0.445460,0.200949,0.565095,0.701638,0.274548
image_00672.jpg,train,EDM_CHILL,0.322234,0.482721,0.464951,0.423302,0.436328,0.432963,0.480566,0.177231
image_00673.jpg,test,EDM_DROP,0.300277,0.251655,0.254926,0.268953,0.457808,0.501437,0.437338,0.237485
image_00674.jpg,train,CINEMATIC,0.405832,0.406295,0.394233,0.402120,0.410996,0.191997,0.209438,0.253393
image_00675.jpg,train,CINEMATIC,0.474391,0.462306,0.455758,0.464152,0.368263,0.178840,0.208407,0.231306
image_00676.jpg,train,HOUSE,0.424659,0.354545,0.338936,0.372713,0.342349,0.330292,0.521917,0.318139
image_00677.jpg,train,HOUSE,0.407319,0.404555,0.338476,0.383450,0.288921,0.412065,0.477765,0.258312
image_00678.jpg,train,EDM_DROP,0.259461,0.186353,0.151978,0.199264,0.128497,0.387540,0.436958,0.287684
image_00679.jpg,test,EDM_CHILL,0.590065,0.635793,0.695670,0.640509,0.481781,0.297361,0.532708,0.224129
image_00680.jpg,train,EDM_DROP,0.333456,0.205118,0.152199,0.230257,0.175019,0.609818,0.625083,0.259270
image_00681.jpg,test,EDM_CHILL,0.487085,0.529498,0.353389,0.456657,0.200995,0.355555,0.329348,0.141160
image_00682.jpg,test,HOUSE,0.404726,0.424491,0.285062,0.371426,0.226634,0.443069,0.416832,0.242402
image_00683.jpg,train,CINEMATIC,0.207853,0.224678,0.197233,0.209922,0.353752,0.200912,0.128673,0.163714
image_00684.jpg,train,EDM_CHILL,0.694822,0.702531,0.760057,0.719137,0.548664,0.186634,0.294587,0.223979
image_00685.jpg,test,EDM_CHILL,0.625119,0.549215,0.571344,0.581893,0.658226,0.207040,0.351585,0.233320
image_00686.jpg,train,CINEMATIC,0.314944,0.283623,0.217257,0.271941,0.126981,0.387756,0.282735,0.286991
image_00687.jpg,train,EDM_DROP,0.278213,0.269816,0.280210,0.276080,0.364022,0.793968,0.815808,0.191053
image_00688.jpg,test,HOUSE,0.450590,0.488383,0.329272,0.422748,0.293283,0.444257,0.554304,0.214401
image_00689.jpg,train,CINEMATIC,0.334445,0.317926,0.326280,0.326217,0.411290,0.325083,0.319130,0.260653
image_00690.jpg,train,HOUSE,0.553466,0.688433,0.401249,0.547716,0.291515,0.522512,0.772129,0.206295
image_00691.jpg,train,EDM_DROP,0.262664,0.187012,0.173689,0.207788,0.195742,0.461902,0.420650,0.258547
image_00693.jpg,train,CINEMATIC,0.523463,0.521101,0.517975,0.520847,0.405012,0.225382,0.316911,0.254617
image_00694.jpg,test,CINEMATIC,0.330925,0.303480,0.314986,0.316464,0.439610,0.385196,0.381863,0.256916
image_00695.jpg,test,CINEMATIC,0.454762,0.467200,0.475415,0.465792,0.323850,0.121242,0.289494,0.259062
image_00696.jpg,train,HOUSE,0.519516,0.452716,0.336182,0.436138,0.250270,0.448313,0.689876,0.274185
image_00697.jpg,train,CINEMATIC,0.440473,0.384188,0.332074,0.385578,0.234213,0.337841,0.356381,0.271511
image_00698.jpg,train,CINEMATIC,0.541570,0.541578,0.487230,0.523459,0.247843,0.178714,0.297349,0.241452
image_00699.jpg,train,EDM_CHILL,0.706621,0.669724,0.648087,0.674811,0.214014,0.142391,0.322127,0.308589
image_00700.jpg,train,EDM_CHILL,0.389492,0.479660,0.504234,0.457795,0.464554,0.469655,0.611126,0.150538
image_00701.jpg,train,HOUSE,0.480429,0.478077,0.441055,0.466520,0.353356,0.245168,0.433333,0.252960
image_00702.jpg,train,HOUSE,0.431634,0.503978,0.367666,0.434426,0.316050,0.390962,0.478324,0.198335
image_00703.jpg,test,EDM_CHILL,0.787625,0.828238,0.879510,0.831791,0.532394,0.140050,0.264375,0.186759
image_00704.jpg,test,EDM_CHILL,0.259996,0.458435,0.578979,0.432470,0.540071,0.554957,0.861971,0.135365
image_00705.jpg,test,EDM_DROP,0.168112,0.100577,0.039683,0.102791,0.102341,0.768963,0.312814,0.095697
image_00706.jpg,train,EDM_CHILL,0.503929,0.535517,0.497450,0.512299,0.261433,0.288283,0.496299,0.150697
image_00707.jpg,train,EDM_DROP,0.273130,0.353761,0.201124,0.276005,0.280047,0.477567,0.343870,0.184106
image_00708.jpg,train,CINEMATIC,0.499423,0.495003,0.494542,0.496323,0.332541,0.140938,0.207382,0.211629
image_00709.jpg,train,CINEMATIC,0.426707,0.409560,0.409319,0.415195,0.390569,0.278741,0.275741,0.312007
image_00710.jpg,test,HOUSE,0.384942,0.427996,0.270521,0.361153,0.305948,0.408192,0.607180,0.281934
image_00711.jpg,train,HOUSE,0.483717,0.483924,0.439849,0.469163,0.305790,0.280673,0.551436,0.210327
image_00713.jpg,train,EDM_CHILL,0.543124,0.508868,0.569819,0.540604,0.342480,0.381657,0.708219,0.226256
image_00714.jpg,train,HOUSE,0.386375,0.403017,0.389339,0.392911,0.383138,0.300289,0.397808,0.211369
image_00716.jpg,train,HOUSE,0.669029,0.348562,0.149044,0.388878,0.063569,0.789793,0.830959,0.172314
image_00717.jpg,train,CINEMATIC,0.412618,0.398752,0.387043,0.399471,0.335235,0.190780,0.265587,0.289952
image_00718.jpg,train,HOUSE,0.547407,0.464990,0.389923,0.467440,0.209440,0.333075,0.551528,0.204835
image_00719.jpg,test,CINEMATIC,0.339782,0.301580,0.229719,0.290360,0.151796,0.422920,0.266610,0.182025
image_00720.jpg,train,HOUSE,0.402175,0.432831,0.350533,0.395180,0.324373,0.369728,0.462749,0.182840
image_00721.jpg,train,CINEMATIC,0.354487,0.333540,0.327167,0.338398,0.368897,0.235864,0.348904,0.271450
image_00722.jpg,test,EDM_CHILL,0.346164,0.368628,0.367731,0.360841,0.419905,0.390351,0.435617,0.113531
image_00723.jpg,train,HOUSE,0.485945,0.452404,0.414497,0.450949,0.209435,0.274200,0.355381,0.304367
image_00724.jpg,train,HOUSE,0.442063,0.442451,0.427095,0.437203,0.486156,0.426765,0.612871,0.275878
image_00726.jpg,train,HOUSE,0.542849,0.530641,0.492780,0.522090,0.362444,0.305505,0.454676,0.267932
image_00727.jpg,train,HOUSE,0.518631,0.449498,0.373518,0.447216,0.325847,0.356768,0.854583,0.218745
image_00728.jpg,train,EDM_CHILL,0.592148,0.559188,0.560687,0.570674,0.248088,0.270490,0.645452,0.246455
image_00729.jpg,train,HOUSE,0.586618,0.470125,0.376165,0.477636,0.204032,0.399841,0.522114,0.184618
image_00730.jpg,train,CINEMATIC,0.297996,0.273242,0.279879,0.283706,0.457356,0.216730,0.253608,0.179311
image_00731.jpg,train,HOUSE,0.393887,0.381877,0.375452,0.383739,0.405933,0.336427,0.487426,0.250721
image_00732.jpg,train,HOUSE,0.536119,0.471855,0.411377,0.473117,0.215828,0.344833,0.420554,0.285726
image_00733.jpg,train,CINEMATIC,0.495970,0.484390,0.468102,0.482821,0.360706,0.128587,0.192156,0.146445
image_00734.jpg,train,EDM_CHILL,0.471335,0.466669,0.496848,0.478284,0.524678,0.228640,0.317148,0.320330
image_00735.jpg,train,EDM_DROP,0.127288,0.115494,0.145153,0.129312,0.462851,0.656817,0.384084,0.181837
image_00736.jpg,train,EDM_CHILL,0.471042,0.461863,0.427435,0.453446,0.271022,0.283213,0.349934,0.272885
image_00737.jpg,test,EDM_CHILL,0.671200,0.632685,0.587993,0.630626,0.162324,0.183635,0.307647,0.251227
image_00738.jpg,train,HOUSE,0.505752,0.542462,0.404872,0.484362,0.272210,0.315490,0.470809,0.262093
image_00739.jpg,train,HOUSE,0.544374,0.413801,0.292523,0.416899,0.102016,0.549888,0.429969,0.243210
image_00740.jpg,test,HOUSE,0.450640,0.420683,0.312702,0.394675,0.186186,0.367003,0.418359,0.190430
image_00741.jpg,train,CINEMATIC,0.455906,0.449944,0.355846,0.420565,0.178671,0.280236,0.278877,0.179223
image_00742.jpg,train,CINEMATIC,0.562101,0.514194,0.456858,0.511051,0.101641,0.285106,0.272423,0.273424
image_00743.jpg,train,EDM_CHILL,0.470840,0.554792,0.508396,0.511343,0.406615,0.204735,0.293324,0.147129
image_00744.jpg,train,CINEMATIC,0.358968,0.353175,0.317786,0.343310,0.180957,0.228734,0.220898,0.157437
image_00745.jpg,test,HOUSE,0.563258,0.367181,0.243731,0.391390,0.101688,0.591209,0.591024,0.209057
image_00747.jpg,train,CINEMATIC,0.431905,0.447352,0.438672,0.439310,0.360515,0.168318,0.278552,0.240046
image_00748.jpg,train,EDM_DROP,0.378249,0.263179,0.192950,0.278126,0.165679,0.449774,0.643763,0.196027
image_00749.jpg,train,CINEMATIC,0.425587,0.428189,0.386835,0.413537,0.290119,0.261136,0.312538,0.322630
image_00750.jpg,train,CINEMATIC,0.419548,0.396317,0.317374,0.377746,0.150670,0.250050,0.201460,0.113551
image_00751.jpg,train,EDM_CHILL,0.416955,0.432495,0.439184,0.429545,0.419066,0.271939,0.338174,0.247112
image_00752.jpg,train,HOUSE,0.587311,0.563056,0.563760,0.571376,0.397661,0.199363,0.350538,0.313469
image_00753.jpg,train,HOUSE,0.438314,0.443178,0.380085,0.420526,0.261343,0.278274,0.344544,0.209652
image_00754.jpg,train,CINEMATIC,0.530952,0.483009,0.425227,0.479730,0.174208,0.250026,0.275237,0.216817
image_00755.jpg,train,HOUSE,0.406141,0.450161,0.287865,0.381389,0.282062,0.473918,0.534166,0.147278
image_00756.jpg,train,HOUSE,0.374541,0.351582,0.230656,0.318926,0.181707,0.407147,0.309296,0.153821
image_00757.jpg,train,EDM_CHILL,0.676019,0.671772,0.683482,0.677091,0.583290,0.070106,0.121246,0.172960
image_00758.jpg,train,HOUSE,0.513968,0.319047,0.246872,0.359963,0.120813,0.530991,0.686576,0.207388
image_00759.jpg,train,HOUSE,0.386093,0.401825,0.308474,0.365464,0.262927,0.503222,0.423481,0.297537
image_00760.jpg,train,EDM_DROP,0.129559,0.236869,0.128895,0.165107,0.329824,0.428365,0.611119,0.158001
image_00761.jpg,train,EDM_DROP,0.350628,0.249053,0.115206,0.238296,0.123663,0.612939,0.817475,0.224633
image_00762.jpg,train,EDM_CHILL,0.670737,0.631757,0.628094,0.643530,0.474379,0.147953,0.440058,0.266681
image_00763.jpg,train,EDM_CHILL,0.658791,0.674803,0.684294,0.672629,0.456297,0.074614,0.118142,0.296791
image_00764.jpg,train,HOUSE,0.375478,0.400345,0.324887,0.366903,0.297027,0.378169,0.374840,0.223556
image_00765.jpg,train,EDM_CHILL,0.395591,0.457877,0.529461,0.460976,0.507771,0.290834,0.459941,0.213606
image_00767.jpg,train,HOUSE,0.544761,0.573366,0.535473,0.551200,0.367766,0.308231,0.556864,0.238094
image_00768.jpg,test,EDM_CHILL,0.498417,0.535046,0.493528,0.508997,0.383866,0.241350,0.376271,0.192201
image_00769.jpg,train,EDM_DROP,0.403465,0.351622,0.359921,0.371670,0.487217,0.281473,0.446827,0.288679
image_00770.jpg,train,EDM_CHILL,0.472325,0.504314,0.560584,0.512408,0.489860,0.287139,0.463248,0.199965
image_00771.jpg,test,CINEMATIC,0.330620,0.316308,0.289148,0.312025,0.235273,0.280475,0.335709,0.240445
image_00772.jpg,train,HOUSE,0.498801,0.496828,0.509086,0.501572,0.593091,0.412127,0.669900,0.315277
image_00773.jpg,train,HOUSE,0.415779,0.426520,0.366385,0.402895,0.297078,0.325071,0.484276,0.201163
image_00774.jpg,train,HOUSE,0.513560,0.338287,0.229285,0.360377,0.178519,0.663178,0.825146,0.203358
image_00775.jpg,test,CINEMATIC,0.462592,0.450057,0.444423,0.452357,0.317197,0.158321,0.158832,0.245984
image_00776.jpg,test,HOUSE,0.444164,0.342766,0.324370,0.370434,0.231058,0.422896,0.348474,0.276956
image_00777.jpg,train,CINEMATIC,0.441901,0.418783,0.380477,0.413720,0.215537,0.184145,0.319270,0.295111
image_00778.jpg,train,EDM_DROP,0.338551,0.301930,0.247643,0.296041,0.247792,0.298076,0.456834,0.291317
image_00779.jpg,train,HOUSE,0.552342,0.451345,0.232175,0.411954,0.168685,0.620456,0.896161,0.241607
image_00781.jpg,train,CINEMATIC,0.379765,0.369597,0.300554,0.349972,0.327627,0.275552,0.443460,0.214450
image_00782.jpg,train,HOUSE,0.612007,0.616173,0.562631,0.596937,0.303442,0.308136,0.679951,0.305683
image_00783.jpg,train,CINEMATIC,0.431273,0.418722,0.395018,0.415004,0.268207,0.193946,0.205716,0.221799
image_00784.jpg,train,CINEMATIC,0.520762,0.483828,0.378023,0.460871,0.136345,0.301492,0.305513,0.196948
image_00785.jpg,test,EDM_CHILL,0.642817,0.640761,0.543757,0.609112,0.319376,0.249713,0.503899,0.274568
image_00786.jpg,train,HOUSE,0.557593,0.491755,0.433116,0.494154,0.314931,0.299576,0.672906,0.323718
image_00787.jpg,train,HOUSE,0.503257,0.441267,0.446496,0.463673,0.461878,0.411886,0.709632,0.275249
image_00788.jpg,train,CINEMATIC,0.488882,0.456763,0.437657,0.461101,0.344467,0.273089,0.377794,0.306009
image_00789.jpg,train,HOUSE,0.580806,0.494232,0.399098,0.491379,0.190418,0.367738,0.428986,0.213951
image_00790.jpg,train,EDM_CHILL,0.921479,0.921729,0.923442,0.922216,0.231667,0.021809,0.071249,0.188698
image_00791.jpg,train,HOUSE,0.540371,0.639607,0.427779,0.535919,0.291069,0.323686,0.400195,0.205244
image_00792.jpg,train,HOUSE,0.549116,0.524671,0.500734,0.524840,0.374717,0.246033,0.346762,0.277235
image_00793.jpg,test,CINEMATIC,0.404478,0.397047,0.283025,0.361517,0.210422,0.391608,0.421945,0.219073
image_00794.jpg,train,HOUSE,0.500319,0.502250,0.322673,0.441747,0.261977,0.446773,0.706329,0.240923
image_00795.jpg,train,CINEMATIC,0.497707,0.500711,0.498503,0.498974,0.309091,0.034507,0.069946,0.183226
image_00796.jpg,train,CINEMATIC,0.560404,0.533459,0.507317,0.533727,0.310905,0.165004,0.288094,0.188192
image_00797.jpg,test,EDM_DROP,0.445687,0.394250,0.345802,0.395247,0.293128,0.291631,0.433541,0.325003
image_00798.jpg,test,EDM_CHILL,0.427687,0.490908,0.516345,0.478313,0.432122,0.247959,0.473723,0.289482
image_00799.jpg,test,HOUSE,0.449041,0.517618,0.458638,0.475099,0.412123,0.408786,0.551356,0.158718
image_00800.jpg,train,EDM_CHILL,0.520510,0.604838,0.697311,0.607553,0.545961,0.326683,0.528927,0.230047
image_00801.jpg,train,HOUSE,0.399938,0.414331,0.275199,0.363156,0.214712,0.488565,0.383150,0.248066
image_00802.jpg,train,HOUSE,0.405219,0.320915,0.282042,0.336059,0.151230,0.303391,0.461237,0.215181
image_00803.jpg,test,EDM_CHILL,0.768730,0.762425,0.736009,0.755721,0.184304,0.079830,0.182513,0.148210
image_00804.jpg,train,CINEMATIC,0.448840,0.396886,0.392667,0.412797,0.435402,0.296629,0.328624,0.254894
image_00805.jpg,test,EDM_DROP,0.371766,0.362636,0.247525,0.327309,0.323932,0.508837,0.710617,0.219840
image_00806.jpg,train,HOUSE,0.691020,0.545760,0.547996,0.594925,0.459669,0.270855,0.630424,0.257819
image_00807.jpg,train,CINEMATIC,0.396261,0.297229,0.233927,0.309139,0.110706,0.448403,0.344415,0.196018
image_00808.jpg,test,HOUSE,0.437696,0.492065,0.374633,0.434798,0.282182,0.257645,0.360306,0.226111
image_00810.jpg,train,EDM_DROP,0.272140,0.257354,0.210844,0.246779,0.172482,0.372515,0.244938,0.276654
image_00813.jpg,train,HOUSE,0.500410,0.415216,0.312988,0.409538,0.145957,0.395206,0.508921,0.251736
image_00814.jpg,train,EDM_DROP,0.118060,0.228650,0.336999,0.227903,0.494696,0.669810,0.707802,0.213151
image_00815.jpg,train,EDM_DROP,0.267020,0.267794,0.280171,0.271662,0.218671,0.291994,0.367916,0.226533
image_00816.jpg,train,EDM_CHILL,0.427205,0.466045,0.522191,0.471814,0.508068,0.211112,0.440321,0.224852
image_00817.jpg,train,HOUSE,0.470411,0.385631,0.269576,0.375206,0.283651,0.596407,0.922118,0.220864
image_00818.jpg,test,EDM_CHILL,0.723029,0.611764,0.595645,0.643479,0.382260,0.255449,0.467852,0.270013
image_00819.jpg,train,HOUSE,0.513124,0.498361,0.387815,0.466433,0.184943,0.377791,0.414763,0.257647
image_00820.jpg,train,HOUSE,0.518292,0.396938,0.184737,0.366656,0.111990,0.635812,0.713967,0.244321
image_00821.jpg,test,EDM_CHILL,0.592199,0.611606,0.605768,0.603191,0.440217,0.144544,0.271850,0.266314
image_00822.jpg,train,HOUSE,0.431635,0.352767,0.218624,0.334342,0.126081,0.483081,0.410097,0.166748
image_00823.jpg,train,HOUSE,0.437057,0.390198,0.357166,0.394807,0.301236,0.353807,0.586187,0.181782
image_00824.jpg,train,CINEMATIC,0.315154,0.307704,0.308722,0.310526,0.358682,0.219428,0.232450,0.181994
image_00825.jpg,test,CINEMATIC,0.383982,0.421217,0.343695,0.382965,0.266020,0.272160,0.214394,0.247099
image_00826.jpg,train,HOUSE,0.502111,0.434912,0.287644,0.408222,0.149100,0.493250,0.545031,0.267595
image_00827.jpg,train,HOUSE,0.519713,0.577519,0.416286,0.504506,0.299798,0.351223,0.448632,0.233371
image_00828.jpg,train,HOUSE,0.572985,0.536657,0.293204,0.467615,0.206059,0.515774,0.748831,0.175729
image_00829.jpg,train,EDM_CHILL,0.601944,0.633101,0.629433,0.621493,0.509234,0.102144,0.211267,0.203682
image_00830.jpg,train,EDM_DROP,0.206120,0.200802,0.209757,0.205560,0.437838,0.452979,0.351045,0.305915
image_00831.jpg,test,HOUSE,0.597801,0.333222,0.261000,0.397341,0.336057,0.602178,1.000000,0.282828
image_00832.jpg,train,HOUSE,0.539407,0.505449,0.479111,0.507989,0.377115,0.259464,0.436582,0.241143
image_00834.jpg,test,EDM_CHILL,0.447551,0.430037,0.435898,0.437829,0.449801,0.223293,0.375785,0.296174
image_00835.jpg,train,EDM_DROP,0.312336,0.254960,0.284934,0.284077,0.484224,0.544909,0.698098,0.248167
image_00836.jpg,train,HOUSE,0.628224,0.396494,0.389781,0.471500,0.510589,0.464726,0.851848,0.238055
image_00838.jpg,test,HOUSE,0.396470,0.392661,0.299296,0.362809,0.254171,0.527403,0.626141,0.276397
image_00839.jpg,train,CINEMATIC,0.330951,0.307146,0.270766,0.302954,0.247575,0.313526,0.286297,0.193513
image_00841.jpg,test,EDM_DROP,0.277277,0.314593,0.200560,0.264143,0.289671,0.644538,0.536845,0.266184
image_00844.jpg,train,EDM_CHILL,0.513264,0.582726,0.594658,0.563549,0.428213,0.385612,0.736919,0.291907
image_00845.jpg,train,EDM_DROP,0.360014,0.254896,0.278844,0.297918,0.519950,0.503664,0.707883,0.253030
image_00846.jpg,test,EDM_CHILL,0.496222,0.596238,0.684962,0.592474,0.526120,0.346204,0.520151,0.147492
image_00847.jpg,train,HOUSE,0.540781,0.479052,0.494851,0.504895,0.634287,0.276316,0.564213,0.209745
image_00848.jpg,train,EDM_CHILL,0.427436,0.502814,0.556407,0.495552,0.474064,0.318511,0.407717,0.178521
image_00849.jpg,train,CINEMATIC,0.515168,0.524150,0.525926,0.521748,0.384390,0.190896,0.207248,0.285730
image_00850.jpg,train,HOUSE,0.381990,0.384344,0.277332,0.347889,0.238108,0.353170,0.402171,0.162275
image_00851.jpg,train,EDM_CHILL,0.726040,0.722021,0.719999,0.722687,0.378505,0.072735,0.116034,0.336866
image_00852.jpg,train,HOUSE,0.432218,0.470897,0.381517,0.428211,0.316615,0.295270,0.483821,0.181625
image_00853.jpg,train,HOUSE,0.429427,0.449549,0.321981,0.400319,0.220154,0.363745,0.444152,0.218331
image_00854.jpg,train,HOUSE,0.569913,0.358547,0.187973,0.372144,0.212701,0.761040,1.000000,0.189529
image_00855.jpg,train,HOUSE,0.432258,0.434096,0.368229,0.411528,0.308451,0.265299,0.391717,0.214772
image_00856.jpg,train,HOUSE,0.435670,0.518848,0.337450,0.430656,0.280643,0.402958,0.548678,0.134328
image_00857.jpg,train,HOUSE,0.605377,0.561549,0.558512,0.575146,0.374811,0.167072,0.272532,0.276520
image_00858.jpg,train,EDM_DROP,0.276410,0.268193,0.261965,0.268856,0.319908,0.421694,0.370261,0.231856
image_00859.jpg,train,CINEMATIC,0.464512,0.417959,0.369454,0.417308,0.180473,0.211332,0.317450,0.199245
image_00860.jpg,train,CINEMATIC,0.363576,0.379534,0.279722,0.340944,0.284235,0.469238,0.425115,0.196029
image_00861.jpg,train,HOUSE,0.527209,0.482515,0.380005,0.463243,0.351582,0.427538,0.768094,0.235741
image_00862.jpg,train,CINEMATIC,0.376471,0.363999,0.362568,0.367680,0.433474,0.270413,0.268050,0.325639
image_00863.jpg,train,HOUSE,0.503888,0.578151,0.404851,0.495630,0.303775,0.341129,0.554313,0.249497
image_00864.jpg,test,HOUSE,0.445591,0.412198,0.326203,0.394664,0.302677,0.332619,0.438849,0.407106
image_00865.jpg,train,HOUSE,0.491631,0.436024,0.465729,0.464461,0.434941,0.354323,0.784412,0.228056
image_00866.jpg,test,CINEMATIC,0.419637,0.470297,0.448917,0.446283,0.418088,0.281950,0.273048,0.266012
image_00867.jpg,train,CINEMATIC,0.409176,0.420644,0.351306,0.393709,0.254197,0.288039,0.340383,0.205730
image_00868.jpg,train,CINEMATIC,0.569290,0.546741,0.538112,0.551381,0.354064,0.139432,0.288035,0.220139
image_00869.jpg,train,CINEMATIC,0.475394,0.524175,0.355888,0.451819,0.229739,0.362304,0.351388,0.147222
image_00870.jpg,test,HOUSE,0.444839,0.499638,0.379994,0.441490,0.316190,0.364177,0.595362,0.187448
image_00871.jpg,train,HOUSE,0.488072,0.441030,0.413818,0.447640,0.271244,0.266508,0.398209,0.284480
image_00872.jpg,train,EDM_CHILL,0.600988,0.637659,0.675348,0.637999,0.458473,0.190037,0.334269,0.151587
image_00873.jpg,train,HOUSE,0.590278,0.454460,0.336090,0.460276,0.151863,0.505555,0.573875,0.237205
image_00874.jpg,train,EDM_DROP,0.334252,0.341607,0.284691,0.320184,0.259544,0.296492,0.322536,0.272931
image_00875.jpg,train,HOUSE,0.371996,0.395216,0.384451,0.383887,0.482469,0.366708,0.566523,0.220270
image_00876.jpg,train,HOUSE,0.572307,0.503746,0.424227,0.500093,0.220013,0.399437,0.505155,0.293381
image_00877.jpg,train,CINEMATIC,0.402795,0.360913,0.307633,0.357114,0.204744,0.295346,0.364439,0.233266
image_00878.jpg,train,EDM_DROP,0.231964,0.234628,0.225707,0.230767,0.441524,0.403653,0.314651,0.233061
image_00879.jpg,test,HOUSE,0.452684,0.519771,0.203472,0.391976,0.228928,0.588699,0.679870,0.169809
image_00880.jpg,train,CINEMATIC,0.309267,0.306979,0.320697,0.312314,0.447319,0.236168,0.272095,0.205386
image_00881.jpg,train,HOUSE,0.450107,0.399071,0.314933,0.388037,0.373817,0.375113,0.643150,0.195661
image_00882.jpg,test,HOUSE,0.453595,0.554512,0.549931,0.519346,0.427286,0.386178,0.564859,0.212311
image_00883.jpg,train,HOUSE,0.505226,0.374776,0.334207,0.404736,0.290188,0.384152,0.752958,0.286575
image_00884.jpg,train,EDM_CHILL,0.295800,0.482898,0.666988,0.481895,0.569977,0.577504,0.806080,0.265447
image_00885.jpg,train,CINEMATIC,0.516203,0.436828,0.410293,0.454441,0.234658,0.232298,0.440239,0.287235
image_00886.jpg,test,HOUSE,0.544869,0.540757,0.527678,0.537768,0.407519,0.269076,0.514233,0.284016
image_00887.jpg,train,EDM_CHILL,0.340588,0.480968,0.539483,0.453680,0.385989,0.590974,1.000000,0.204531
image_00888.jpg,train,HOUSE,0.419753,0.425658,0.266649,0.370687,0.241386,0.543109,0.590619,0.282919
image_00889.jpg,train,EDM_CHILL,0.353888,0.413807,0.471910,0.413202,0.512454,0.399009,0.590200,0.197177
image_00890.jpg,test,CINEMATIC,0.493690,0.471439,0.440572,0.468567,0.290344,0.278323,0.296801,0.341782
image_00891.jpg,train,EDM_CHILL,0.671429,0.691941,0.703635,0.689001,0.269712,0.181912,0.492522,0.273464
image_00892.jpg,test,HOUSE,0.481982,0.362519,0.226886,0.357129,0.164065,0.597394,0.665605,0.223834
image_00893.jpg,train,CINEMATIC,0.513224,0.500981,0.487657,0.500621,0.344560,0.173425,0.270931,0.186486
image_00894.jpg,test,HOUSE,0.442496,0.501794,0.405968,0.450086,0.311982,0.505338,0.613893,0.253772
image_00895.jpg,train,CINEMATIC,0.408926,0.417183,0.369114,0.398407,0.278872,0.332884,0.359667,0.330914
image_00896.jpg,train,EDM_CHILL,0.748734,0.741501,0.732513,0.740916,0.217270,0.052523,0.111343,0.153954
image_00897.jpg,train,HOUSE,0.313671,0.354656,0.210118,0.292815,0.270979,0.503030,0.518017,0.240571
image_00898.jpg,train,HOUSE,0.305160,0.520055,0.600605,0.475273,0.460296,0.593966,1.000000,0.218136
image_00899.jpg,train,CINEMATIC,0.436844,0.361200,0.346207,0.381417,0.267945,0.292982,0.393819,0.228772
image_00900.jpg,train,HOUSE,0.457941,0.534832,0.507944,0.500239,0.333648,0.328067,0.491873,0.254370
image_00901.jpg,train,CINEMATIC,0.568401,0.517049,0.467686,0.517712,0.154608,0.241170,0.309267,0.277351
image_00902.jpg,train,HOUSE,0.715946,0.502598,0.450434,0.556326,0.323425,0.434908,0.758177,0.229580
image_00903.jpg,train,HOUSE,0.446789,0.415651,0.332000,0.398147,0.278000,0.366123,0.460125,0.216691
image_00904.jpg,train,CINEMATIC,0.366678,0.332726,0.304883,0.334762,0.305561,0.322778,0.413820,0.249784
image_00905.jpg,train,HOUSE,0.520199,0.569736,0.274594,0.454843,0.191966,0.534755,0.394238,0.101002
image_00906.jpg,train,EDM_CHILL,0.839003,0.824387,0.875640,0.846344,0.674559,0.106758,0.298238,0.146378
image_00907.jpg,test,HOUSE,0.435101,0.421280,0.369071,0.408484,0.409630,0.336236,0.432880,0.238661
image_00908.jpg,train,EDM_CHILL,0.405008,0.414901,0.438589,0.419499,0.413854,0.247864,0.307847,0.161946
image_00909.jpg,train,HOUSE,0.596317,0.534345,0.463524,0.531395,0.322643,0.338986,0.571987,0.213889
image_00910.jpg,train,EDM_DROP,0.113827,0.053188,0.032080,0.066365,0.041076,0.309076,0.506021,0.170314
image_00911.jpg,train,CINEMATIC,0.564931,0.537084,0.500682,0.534232,0.190626,0.161623,0.225333,0.187101
image_00912.jpg,train,HOUSE,0.374761,0.429337,0.252333,0.352144,0.295018,0.534914,0.563762,0.217615
image_00913.jpg,train,EDM_CHILL,0.573988,0.583007,0.552282,0.569759,0.436272,0.202171,0.321693,0.204248
image_00914.jpg,train,HOUSE,0.523795,0.542645,0.416245,0.494228,0.341064,0.400787,0.638368,0.213180
image_00915.jpg,train,HOUSE,0.483586,0.450836,0.431014,0.455145,0.361264,0.261842,0.450717,0.243780
image_00916.jpg,train,CINEMATIC,0.386472,0.388101,0.385886,0.386820,0.318776,0.126491,0.161418,0.273669
image_00917.jpg,train,HOUSE,0.554633,0.491224,0.457435,0.501097,0.243298,0.283519,0.512972,0.211085
image_00918.jpg,train,EDM_DROP,0.421566,0.392586,0.394065,0.402739,0.450171,0.215098,0.453621,0.244225
image_00919.jpg,train,EDM_CHILL,0.626849,0.574784,0.573473,0.591702,0.371365,0.151469,0.261186,0.265732
image_00920.jpg,train,HOUSE,0.568131,0.641728,0.480795,0.563551,0.290719,0.448234,0.723487,0.268388
image_00921.jpg,train,HOUSE,0.309844,0.332496,0.241477,0.294606,0.359754,0.426046,0.425866,0.225945
image_00922.jpg,train,EDM_DROP,0.278815,0.347191,0.176675,0.267560,0.253151,0.625833,0.554780,0.276341
image_00923.jpg,train,EDM_DROP,0.147580,0.132127,0.127099,0.135602,0.346888,0.219979,0.238595,0.146110
image_00924.jpg,train,CINEMATIC,0.321310,0.305313,0.294587,0.307070,0.396971,0.263199,0.231974,0.249697
image_00925.jpg,test,HOUSE,0.449082,0.447325,0.412113,0.436173,0.354775,0.411505,0.406078,0.322469
image_00926.jpg,train,EDM_CHILL,0.568951,0.579215,0.521771,0.556646,0.351533,0.253640,0.348996,0.230450
image_00927.jpg,train,CINEMATIC,0.506668,0.482963,0.494956,0.494862,0.559750,0.223070,0.360214,0.305199
image_00928.jpg,train,CINEMATIC,0.414558,0.401147,0.358348,0.391351,0.273139,0.240878,0.244607,0.209622
image_00929.jpg,train,EDM_DROP,0.250746,0.237868,0.193451,0.227355,0.198397,0.458287,0.169312,0.266679
image_00930.jpg,train,HOUSE,0.468283,0.449591,0.292926,0.403600,0.166766,0.437132,0.443358,0.121982
image_00931.jpg,train,CINEMATIC,0.548085,0.586994,0.569180,0.568086,0.439149,0.194650,0.249172,0.247972
image_00932.jpg,train,HOUSE,0.404470,0.438886,0.419873,0.421076,0.378544,0.305148,0.353150,0.273826
image_00933.jpg,train,EDM_DROP,0.345516,0.282692,0.238289,0.288832,0.249217,0.428217,0.419487,0.235492
image_00934.jpg,train,EDM_CHILL,0.294073,0.313808,0.400520,0.336134,0.551456,0.493807,0.414232,0.211497
image_00935.jpg,train,EDM_DROP,0.434466,0.369972,0.274598,0.359679,0.275097,0.582395,0.601034,0.370382
image_00936.jpg,train,EDM_CHILL,0.532096,0.550823,0.593590,0.558836,0.534344,0.246948,0.416203,0.259339
image_00937.jpg,train,EDM_DROP,0.368191,0.263386,0.200964,0.277514,0.174185,0.485119,0.507918,0.228925
image_00938.jpg,train,HOUSE,0.443843,0.437721,0.324590,0.402051,0.259484,0.361759,0.502660,0.318651
image_00939.jpg,test,HOUSE,0.541562,0.571834,0.557865,0.557087,0.427454,0.267752,0.436997,0.316872
image_00940.jpg,train,HOUSE,0.666335,0.568916,0.455907,0.563719,0.193262,0.423106,0.577519,0.307517
image_00941.jpg,test,HOUSE,0.383371,0.392978,0.432648,0.402999,0.445565,0.285997,0.473771,0.254983
image_00942.jpg,train,CINEMATIC,0.411454,0.387437,0.413167,0.404019,0.454393,0.368172,0.402002,0.256199
image_00943.jpg,train,HOUSE,0.406674,0.429265,0.406216,0.414052,0.280215,0.426658,0.592144,0.245034
image_00944.jpg,train,CINEMATIC,0.502364,0.480741,0.416649,0.466585,0.175061,0.207460,0.214938,0.144007
image_00945.jpg,test,HOUSE,0.404521,0.386049,0.337067,0.375879,0.352460,0.327322,0.450168,0.245431
image_00946.jpg,train,CINEMATIC,0.300970,0.321821,0.368065,0.330285,0.548167,0.226626,0.254696,0.132361
image_00947.jpg,train,HOUSE,0.488179,0.504378,0.443009,0.478522,0.273773,0.319663,0.534814,0.308934
image_00948.jpg,train,CINEMATIC,0.342238,0.373037,0.363993,0.359756,0.400863,0.122285,0.081769,0.173676
image_00949.jpg,train,CINEMATIC,0.387416,0.391078,0.382261,0.386919,0.323651,0.184453,0.223073,0.243926
image_00950.jpg,test,EDM_CHILL,0.707295,0.731860,0.756278,0.731811,0.416132,0.096412,0.191131,0.230392
image_00951.jpg,train,CINEMATIC,0.434464,0.432378,0.365793,0.410878,0.389020,0.383105,0.410618,0.220067
image_00952.jpg,train,HOUSE,0.460419,0.383486,0.340882,0.394929,0.273855,0.408044,0.517861,0.212674
image_00953.jpg,train,EDM_DROP,0.198697,0.205918,0.220964,0.208526,0.485561,0.247039,0.106957,0.244602
image_00954.jpg,test,HOUSE,0.564260,0.535597,0.401524,0.500460,0.305600,0.411402,0.774784,0.258191
image_00955.jpg,train,EDM_DROP,0.393798,0.334993,0.273999,0.334263,0.346800,0.461951,0.658491,0.316093
image_00956.jpg,train,CINEMATIC,0.387699,0.391211,0.359983,0.379631,0.317296,0.173877,0.208318,0.245840
image_00957.jpg,train,EDM_DROP,0.260331,0.243969,0.214195,0.239498,0.250098,0.200013,0.256638,0.279044
image_00958.jpg,train,HOUSE,0.285818,0.339346,0.260363,0.295176,0.352999,0.344621,0.332950,0.184610
image_00959.jpg,train,HOUSE,0.493145,0.508345,0.363490,0.454993,0.274260,0.397596,0.506862,0.262720
image_00960.jpg,train,EDM_CHILL,0.518089,0.537609,0.439074,0.498257,0.243414,0.219355,0.354193,0.255558
image_00961.jpg,test,HOUSE,0.346861,0.375883,0.371617,0.364787,0.416343,0.414141,0.563507,0.262428
image_00962.jpg,train,HOUSE,0.460463,0.476428,0.464887,0.467260,0.452991,0.340140,0.418937,0.299534
image_00963.jpg,train,CINEMATIC,0.400847,0.449124,0.416036,0.422002,0.381879,0.212396,0.291799,0.142958
image_00964.jpg,test,EDM_CHILL,0.584782,0.596268,0.616532,0.599194,0.437408,0.138790,0.203425,0.304141
image_00965.jpg,test,HOUSE,0.335585,0.566987,0.125571,0.342714,0.260830,0.790410,0.719643,0.198359
image_00966.jpg,test,CINEMATIC,0.439313,0.423482,0.395954,0.419583,0.233728,0.279320,0.233061,0.328293
image_00967.jpg,train,CINEMATIC,0.377425,0.374276,0.314496,0.355399,0.219354,0.212934,0.184959,0.139255
image_00968.jpg,test,EDM_CHILL,0.474550,0.520766,0.446093,0.480470,0.370105,0.304941,0.409545,0.182697
image_00969.jpg,train,HOUSE,0.492324,0.516100,0.343047,0.450490,0.230057,0.392755,0.465544,0.179985
image_00970.jpg,train,HOUSE,0.424150,0.420211,0.358327,0.400896,0.412787,0.292021,0.447225,0.237709
image_00971.jpg,train,HOUSE,0.425329,0.408824,0.376113,0.403422,0.555153,0.450363,0.598724,0.218167
image_00972.jpg,train,HOUSE,0.429748,0.374581,0.372169,0.392166,0.453098,0.386354,0.681613,0.278316
image_00973.jpg,train,EDM_CHILL,0.502883,0.715669,0.748514,0.655689,0.485645,0.355194,0.662648,0.218341
image_00974.jpg,train,HOUSE,0.541445,0.581193,0.545779,0.556139,0.289300,0.361040,0.668800,0.300192
image_00975.jpg,test,CINEMATIC,0.262552,0.259934,0.255048,0.259178,0.376010,0.183974,0.172565,0.230971
image_00976.jpg,train,EDM_DROP,0.327641,0.372574,0.231127,0.310447,0.266413,0.567933,0.522170,0.295802
image_00977.jpg,train,HOUSE,0.664305,0.594338,0.450431,0.569691,0.173232,0.370943,0.535631,0.274827
image_00978.jpg,test,EDM_CHILL,0.401566,0.436920,0.434007,0.424164,0.457306,0.350891,0.454969,0.193101
image_00979.jpg,train,EDM_DROP,0.114945,0.112026,0.117128,0.114700,0.285884,0.190810,0.075637,0.186202
image_00980.jpg,train,EDM_DROP,0.214509,0.146794,0.091557,0.150953,0.131216,0.893777,0.849471,0.227352
image_00981.jpg,train,CINEMATIC,0.382756,0.387932,0.362882,0.377856,0.328572,0.170291,0.234327,0.208819
image_00982.jpg,test,HOUSE,0.454168,0.448770,0.379057,0.427332,0.240066,0.413023,0.394016,0.294423
image_00983.jpg,test,HOUSE,0.340517,0.295416,0.278312,0.304749,0.393561,0.287741,0.343613,0.183819
image_00984.jpg,train,EDM_DROP,0.346412,0.328833,0.240106,0.305117,0.161536,0.375270,0.380442,0.302857
image_00985.jpg,test,HOUSE,0.564918,0.623253,0.491323,0.559831,0.325797,0.398139,0.685366,0.215281
image_00986.jpg,train,EDM_CHILL,0.346406,0.414230,0.298519,0.353052,0.256346,0.328621,0.271159,0.144207
image_00987.jpg,train,EDM_CHILL,0.435639,0.474856,0.403445,0.437980,0.480985,0.340222,0.545932,0.160495
image_00988.jpg,train,HOUSE,0.417539,0.472364,0.470469,0.453457,0.428963,0.361977,0.451324,0.315448
image_00989.jpg,train,HOUSE,0.534346,0.595289,0.378915,0.502850,0.278079,0.475430,0.646265,0.212726
image_00990.jpg,train,CINEMATIC,0.547670,0.533842,0.512317,0.531276,0.324652,0.239059,0.387038,0.240690
image_00991.jpg,train,EDM_CHILL,0.861186,0.841842,0.846124,0.849717,0.500885,0.080047,0.338206,0.209786
image_00992.jpg,train,EDM_CHILL,0.593867,0.651064,0.664054,0.636328,0.471548,0.144974,0.271203,0.129675
image_00993.jpg,train,HOUSE,0.621466,0.517449,0.364119,0.501011,0.100512,0.487154,0.502292,0.257932
image_00994.jpg,train,HOUSE,0.441242,0.417310,0.378189,0.412247,0.323253,0.338075,0.592411,0.306281
image_00995.jpg,test,HOUSE,0.367365,0.381428,0.294056,0.347616,0.273641,0.363217,0.391361,0.206339
image_00996.jpg,test,HOUSE,0.482343,0.499227,0.475295,0.485622,0.276997,0.318308,0.419079,0.257184
image_00997.jpg,train,EDM_CHILL,0.377414,0.462433,0.441833,0.427226,0.406271,0.421465,0.671725,0.218235
image_00998.jpg,train,HOUSE,0.374030,0.454841,0.269044,0.365972,0.293144,0.465789,0.531094,0.226558
image_00999.jpg,train,HOUSE,0.522479,0.507526,0.542632,0.524213,0.425831,0.440676,0.891300,0.250932
image_01000.jpg,train,CINEMATIC,0.503731,0.500770,0.398830,0.467777,0.262402,0.316885,0.429313,0.205378
image_01001.jpg,train,CINEMATIC,0.483522,0.445595,0.401641,0.443586,0.269943,0.223292,0.371096,0.243401
image_01002.jpg,train,EDM_DROP,0.327555,0.263520,0.252517,0.281197,0.291298,0.553601,0.544388,0.199514
image_01003.jpg,train,EDM_CHILL,0.447828,0.494764,0.521923,0.488171,0.403654,0.184039,0.309662,0.258431
image_01004.jpg,train,HOUSE,0.575309,0.600143,0.389074,0.521508,0.278424,0.489576,0.794003,0.282616
image_01005.jpg,train,CINEMATIC,0.452231,0.419796,0.346508,0.406178,0.136570,0.233020,0.212624,0.140820
image_01006.jpg,train,HOUSE,0.476163,0.494570,0.407590,0.459441,0.294022,0.323297,0.386168,0.249777
image_01007.jpg,train,CINEMATIC,0.465511,0.401291,0.345534,0.404112,0.199269,0.357469,0.429510,0.240283
image_01008.jpg,train,CINEMATIC,0.518142,0.422225,0.395022,0.445130,0.255718,0.279968,0.423764,0.192374
image_01009.jpg,train,CINEMATIC,0.543650,0.563503,0.534352,0.547169,0.401728,0.265350,0.291636,0.309913
image_01010.jpg,train,CINEMATIC,0.376804,0.365658,0.346597,0.363020,0.300408,0.178054,0.225664,0.285855
image_01011.jpg,train,CINEMATIC,0.375936,0.316766,0.296086,0.329596,0.364542,0.290853,0.338540,0.235957
image_01012.jpg,train,CINEMATIC,0.502380,0.488497,0.490944,0.493940,0.346248,0.214810,0.301092,0.289676
image_01013.jpg,test,EDM_CHILL,0.695134,0.592297,0.594738,0.627390,0.602128,0.265491,0.492850,0.231538
image_01014.jpg,train,CINEMATIC,0.459103,0.424862,0.400997,0.428321,0.172018,0.194661,0.158453,0.314923
image_01015.jpg,test,EDM_DROP,0.449405,0.424452,0.419993,0.431283,0.456274,0.259059,0.429127,0.182645
image_01016.jpg,train,EDM_DROP,0.224754,0.276225,0.285691,0.262224,0.386009,0.502683,0.431421,0.286552
image_01017.jpg,train,EDM_CHILL,0.481741,0.593016,0.691529,0.588762,0.455164,0.386014,0.683578,0.115822
image_01018.jpg,train,EDM_DROP,0.368491,0.176474,0.082617,0.209194,0.179674,0.741419,0.941682,0.198396
image_01019.jpg,test,CINEMATIC,0.444729,0.441120,0.435042,0.440297,0.496383,0.216623,0.301954,0.260707
image_01020.jpg,train,EDM_DROP,0.619949,0.638062,0.634142,0.630718,0.464924,0.193442,0.290349,0.353475
image_01021.jpg,train,CINEMATIC,0.602395,0.543207,0.438681,0.528094,0.177925,0.305795,0.489392,0.293132
image_01022.jpg,train,EDM_DROP,0.417450,0.280888,0.223625,0.307321,0.244078,0.458892,0.611681,0.275888
image_01023.jpg,train,CINEMATIC,0.412861,0.358711,0.331149,0.367574,0.303419,0.332571,0.404498,0.223784
image_01024.jpg,train,HOUSE,0.429790,0.434265,0.384780,0.416278,0.256558,0.362842,0.435196,0.289997
image_01026.jpg,train,EDM_CHILL,0.592245,0.577478,0.512225,0.560649,0.277910,0.232523,0.366847,0.210880
image_01027.jpg,train,EDM_CHILL,0.345527,0.402767,0.342991,0.363762,0.296084,0.452018,0.610122,0.166079
image_01028.jpg,train,EDM_CHILL,0.371835,0.471277,0.607300,0.483471,0.553863,0.433362,0.481435,0.121978
image_01029.jpg,train,HOUSE,0.477745,0.389180,0.377770,0.414898,0.358472,0.339655,0.500709,0.356721
image_01030.jpg,train,CINEMATIC,0.479717,0.424700,0.283740,0.396052,0.223371,0.470272,0.539016,0.210211
image_01031.jpg,train,EDM_CHILL,0.522378,0.545366,0.586696,0.551480,0.501144,0.247368,0.419115,0.143587
image_01032.jpg,train,EDM_CHILL,0.584983,0.591064,0.641308,0.605785,0.399617,0.292472,0.510583,0.218209
image_01033.jpg,train,HOUSE,0.453294,0.430629,0.475547,0.453157,0.400424,0.400815,0.716380,0.325984
image_01034.jpg,train,HOUSE,0.332113,0.349560,0.312063,0.331245,0.351836,0.355233,0.406179,0.179550
image_01035.jpg,train,CINEMATIC,0.443059,0.429903,0.426122,0.433028,0.293480,0.170320,0.201984,0.330023
image_01036.jpg,train,EDM_DROP,0.355956,0.325452,0.286493,0.322634,0.270494,0.279981,0.270867,0.243808
image_01037.jpg,train,CINEMATIC,0.407713,0.320428,0.284655,0.337598,0.217314,0.378028,0.387263,0.200988
image_01038.jpg,test,EDM_CHILL,0.502145,0.569236,0.667389,0.579590,0.586314,0.306293,0.554561,0.136674
image_01039.jpg,train,EDM_DROP,0.266109,0.238215,0.211959,0.238761,0.351395,0.295126,0.325578,0.182264
image_01040.jpg,train,HOUSE,0.405573,0.417575,0.413700,0.412283,0.452298,0.299040,0.439977,0.281730
image_01041.jpg,train,EDM_DROP,0.258224,0.217091,0.187834,0.221050,0.113058,0.423383,0.294512,0.308729
image_01042.jpg,train,EDM_CHILL,0.455384,0.582910,0.686860,0.575051,0.574399,0.351433,0.341570,0.098210
image_01043.jpg,train,HOUSE,0.451948,0.480948,0.412114,0.448337,0.400105,0.257577,0.318506,0.200201
image_01044.jpg,test,HOUSE,0.400462,0.377604,0.353499,0.377188,0.318978,0.378763,0.468322,0.254711
image_01045.jpg,train,CINEMATIC,0.341629,0.357704,0.388280,0.362538,0.495738,0.136599,0.154519,0.210101
image_01046.jpg,test,EDM_CHILL,0.722840,0.736008,0.751132,0.736660,0.514810,0.078023,0.212035,0.149134
image_01047.jpg,test,CINEMATIC,0.505590,0.517579,0.533475,0.518881,0.428207,0.171026,0.309832,0.181376
image_01048.jpg,train,HOUSE,0.500768,0.476953,0.447501,0.475074,0.337742,0.315504,0.459830,0.257133
image_01049.jpg,train,CINEMATIC,0.680089,0.693906,0.680369,0.684788,0.390638,0.069459,0.140259,0.160335
image_01050.jpg,train,EDM_DROP,0.471563,0.452952,0.468532,0.464349,0.563817,0.217580,0.357479,0.324386
image_01051.jpg,train,EDM_CHILL,0.469254,0.498285,0.480791,0.482777,0.384788,0.273954,0.415536,0.220467
image_01052.jpg,test,CINEMATIC,0.536114,0.474686,0.371187,0.460663,0.174089,0.379899,0.442926,0.264955
image_01053.jpg,test,HOUSE,0.419266,0.510821,0.312061,0.414050,0.288794,0.432743,0.595370,0.191913
image_01054.jpg,train,EDM_DROP,0.592927,0.570807,0.563987,0.575907,0.414022,0.150329,0.278904,0.380345
image_01055.jpg,train,CINEMATIC,0.371427,0.346192,0.252456,0.323358,0.179493,0.489581,0.478980,0.201609
image_01056.jpg,train,CINEMATIC,0.393714,0.370342,0.347941,0.370665,0.337348,0.261715,0.369905,0.302812
image_01057.jpg,train,CINEMATIC,0.445148,0.359493,0.338763,0.381135,0.358059,0.285053,0.628658,0.315286
image_01058.jpg,train,EDM_CHILL,0.672765,0.634404,0.610553,0.639241,0.174372,0.148098,0.220988,0.228380
image_01059.jpg,train,HOUSE,0.602765,0.569085,0.376698,0.516183,0.149397,0.398418,0.442513,0.140063
image_01060.jpg,test,CINEMATIC,0.481809,0.486590,0.485361,0.484587,0.442038,0.068541,0.106620,0.160589
image_01061.jpg,train,CINEMATIC,0.445368,0.420268,0.420798,0.428811,0.369338,0.127897,0.299651,0.218661
image_01062.jpg,train,CINEMATIC,0.388175,0.364559,0.321110,0.357948,0.348535,0.248000,0.278526,0.139828
image_01063.jpg,train,HOUSE,0.534164,0.537036,0.256253,0.442484,0.222304,0.687634,1.000000,0.207673
image_01064.jpg,train,CINEMATIC,0.366820,0.360108,0.318882,0.348604,0.219969,0.190287,0.276694,0.196959
image_01066.jpg,train,HOUSE,0.528063,0.534024,0.523770,0.528619,0.394624,0.221316,0.414657,0.224692
image_01067.jpg,train,HOUSE,0.540236,0.502178,0.312566,0.451660,0.196349,0.488664,0.903746,0.178925
image_01068.jpg,test,EDM_DROP,0.310107,0.304075,0.297722,0.303968,0.324079,0.213769,0.217622,0.187178
image_01069.jpg,train,EDM_DROP,0.448489,0.460100,0.452780,0.453790,0.352496,0.261423,0.378663,0.191347
image_01070.jpg,train,HOUSE,0.487119,0.564954,0.394791,0.482288,0.330398,0.422527,0.587507,0.193954
image_01071.jpg,train,EDM_DROP,0.290053,0.296447,0.153480,0.246660,0.272337,0.557954,0.703203,0.185502
image_01072.jpg,train,EDM_CHILL,0.725096,0.754484,0.694396,0.724659,0.290043,0.312184,0.687836,0.244827
image_01073.jpg,train,HOUSE,0.437963,0.385630,0.176512,0.333368,0.159144,0.643613,0.591065,0.202671
image_01074.jpg,test,CINEMATIC,0.453267,0.482241,0.483294,0.472934,0.363146,0.410359,0.745024,0.269425
image_01075.jpg,train,CINEMATIC,0.454513,0.410895,0.426589,0.430666,0.478567,0.295138,0.495995,0.263995
image_01076.jpg,test,EDM_CHILL,0.507318,0.530385,0.525999,0.521234,0.424327,0.202537,0.242278,0.281954
image_01077.jpg,train,EDM_CHILL,0.521544,0.541319,0.573623,0.545495,0.540724,0.148512,0.226810,0.149128
image_01079.jpg,train,EDM_CHILL,0.693694,0.649700,0.566227,0.636540,0.159822,0.216890,0.352703,0.165027
image_01080.jpg,train,HOUSE,0.419428,0.492120,0.344954,0.418834,0.306587,0.363632,0.400641,0.119188
image_01081.jpg,train,HOUSE,0.537943,0.550675,0.484973,0.524530,0.322038,0.283336,0.425387,0.274579
image_01082.jpg,train,EDM_CHILL,0.542913,0.596664,0.643081,0.594220,0.548649,0.234344,0.431135,0.195939
image_01083.jpg,test,HOUSE,0.500158,0.508434,0.452937,0.487176,0.382225,0.333982,0.574343,0.260199
image_01084.jpg,test,HOUSE,0.388684,0.412216,0.456413,0.419105,0.393892,0.518701,0.879870,0.246568
image_01085.jpg,train,HOUSE,0.402437,0.488346,0.436397,0.442393,0.354213,0.425875,0.892980,0.189705
image_01086.jpg,test,HOUSE,0.546993,0.500657,0.324963,0.457538,0.146220,0.469884,0.481461,0.233244
image_01087.jpg,train,HOUSE,0.288427,0.317928,0.357873,0.321409,0.389086,0.534251,0.825727,0.231906
image_01088.jpg,train,CINEMATIC,0.701207,0.621235,0.501376,0.607939,0.104796,0.284755,0.351971,0.170720
image_01089.jpg,train,EDM_CHILL,0.416197,0.428135,0.426416,0.423583,0.504612,0.300231,0.362284,0.263826
image_01090.jpg,train,EDM_DROP,0.439762,0.414874,0.419986,0.424874,0.473000,0.220471,0.403088,0.249282
image_01091.jpg,test,HOUSE,0.529961,0.617320,0.377656,0.508312,0.225800,0.422031,0.456417,0.118844
image_01092.jpg,train,CINEMATIC,0.627988,0.520907,0.355324,0.501406,0.112251,0.450815,0.434703,0.187877
image_01093.jpg,train,HOUSE,0.565634,0.574103,0.561113,0.566950,0.406231,0.204188,0.322396,0.252406
image_01094.jpg,train,CINEMATIC,0.574362,0.466740,0.328399,0.456500,0.096984,0.444654,0.448869,0.140469
image_01095.jpg,train,CINEMATIC,0.563580,0.496979,0.440174,0.500244,0.262779,0.314676,0.483659,0.157669
image_01096.jpg,train,CINEMATIC,0.290960,0.255054,0.207830,0.251281,0.144413,0.315135,0.252765,0.178729
image_01097.jpg,test,EDM_DROP,0.462411,0.291211,0.270399,0.341340,0.353578,0.461687,0.675728,0.306143
image_01098.jpg,train,CINEMATIC,0.504186,0.480559,0.337652,0.440799,0.201669,0.380158,0.443738,0.241669
image_01099.jpg,train,EDM_CHILL,0.364877,0.432913,0.485787,0.427859,0.446519,0.432853,0.493833,0.211151
image_01100.jpg,train,EDM_CHILL,0.637566,0.634253,0.620485,0.630768,0.136657,0.085035,0.102157,0.359268
image_01101.jpg,train,EDM_CHILL,0.736413,0.742787,0.733819,0.737673,0.379410,0.189480,0.424007,0.252951
image_01102.jpg,train,CINEMATIC,0.623412,0.483689,0.327491,0.478198,0.100168,0.477777,0.426533,0.141022
image_01103.jpg,train,HOUSE,0.509115,0.518504,0.522663,0.516761,0.385608,0.299527,0.458180,0.335327
image_01104.jpg,train,HOUSE,0.302377,0.320414,0.235394,0.286061,0.320249,0.386563,0.453232,0.229599
image_01105.jpg,test,EDM_CHILL,0.607649,0.615802,0.620714,0.614722,0.392649,0.115811,0.246308,0.209528
image_01106.jpg,train,HOUSE,0.376390,0.380341,0.404006,0.386912,0.468509,0.378198,0.528042,0.262856
image_01107.jpg,train,CINEMATIC,0.380998,0.346566,0.279717,0.335760,0.208374,0.320229,0.338322,0.154557
image_01108.jpg,train,HOUSE,0.369746,0.429899,0.239576,0.346407,0.230529,0.565078,0.544317,0.169419
image_01109.jpg,train,CINEMATIC,0.513944,0.518721,0.480288,0.504318,0.330678,0.237794,0.397162,0.118057
image_01110.jpg,test,CINEMATIC,0.500578,0.480259,0.457934,0.479590,0.182807,0.124796,0.162179,0.153043
image_01111.jpg,train,HOUSE,0.439050,0.366505,0.370478,0.392011,0.446091,0.326552,0.527754,0.305493
image_01112.jpg,train,CINEMATIC,0.469217,0.466910,0.448054,0.461394,0.438186,0.157321,0.247618,0.151163
image_01113.jpg,test,HOUSE,0.445175,0.372278,0.325221,0.380892,0.335270,0.371428,0.440776,0.280667
image_01114.jpg,train,CINEMATIC,0.626382,0.563768,0.521448,0.570532,0.155058,0.187959,0.357039,0.176968
image_01115.jpg,test,EDM_CHILL,0.634130,0.603602,0.579441,0.605724,0.294642,0.250988,0.420514,0.245040
image_01116.jpg,train,EDM_CHILL,0.567896,0.594724,0.556500,0.573040,0.344529,0.219946,0.371083,0.209064
image_01117.jpg,train,HOUSE,0.404728,0.497709,0.308373,0.403603,0.278196,0.471855,0.586352,0.252521
image_01118.jpg,train,HOUSE,0.543158,0.540661,0.375130,0.486316,0.192058,0.355112,0.357510,0.145408
image_01119.jpg,train,HOUSE,0.485330,0.410979,0.307100,0.401136,0.127134,0.416688,0.418649,0.244897
image_01120.jpg,train,CINEMATIC,0.422503,0.397772,0.419784,0.413353,0.602719,0.152782,0.236201,0.216432
image_01121.jpg,train,CINEMATIC,0.559928,0.592292,0.654841,0.602354,0.573331,0.153447,0.244791,0.151488
image_01122.jpg,train,HOUSE,0.370278,0.366831,0.326337,0.354482,0.292266,0.283029,0.287370,0.266363
image_01123.jpg,train,HOUSE,0.491382,0.542520,0.323639,0.452514,0.186767,0.494712,0.505570,0.195945
image_01124.jpg,train,CINEMATIC,0.420220,0.344685,0.335743,0.366883,0.288526,0.327279,0.505949,0.248087
image_01126.jpg,train,EDM_DROP,0.251293,0.258794,0.189228,0.233105,0.288146,0.438133,0.341530,0.263057
image_01127.jpg,train,EDM_CHILL,0.434153,0.391616,0.378147,0.401305,0.313734,0.281708,0.425259,0.235207
image_01129.jpg,train,EDM_DROP,0.235906,0.187863,0.146453,0.190074,0.259046,0.530288,0.419159,0.238503
image_01130.jpg,train,CINEMATIC,0.448463,0.404852,0.369160,0.407492,0.140964,0.369336,0.297855,0.345967
image_01131.jpg,train,CINEMATIC,0.510241,0.497553,0.408297,0.472030,0.209449,0.236596,0.287529,0.196717
image_01132.jpg,train,HOUSE,0.426479,0.380840,0.350802,0.386040,0.322835,0.370665,0.507565,0.256877
image_01133.jpg,train,EDM_CHILL,0.540811,0.557023,0.527109,0.541648,0.431201,0.252597,0.359072,0.276492
image_01134.jpg,train,HOUSE,0.475352,0.426207,0.404554,0.435371,0.344411,0.405561,0.530874,0.303789
image_01135.jpg,train,CINEMATIC,0.447531,0.391140,0.289606,0.376092,0.137992,0.367261,0.363398,0.161232
image_01136.jpg,train,EDM_DROP,0.357747,0.351548,0.319330,0.342875,0.325609,0.369782,0.536468,0.197929
image_01137.jpg,train,EDM_DROP,0.424100,0.419225,0.323056,0.388794,0.200944,0.315168,0.320018,0.263322
image_01138.jpg,test,EDM_CHILL,0.558977,0.578814,0.571222,0.569671,0.294469,0.290085,0.572352,0.263540
image_01139.jpg,train,HOUSE,0.595614,0.455907,0.402028,0.484516,0.282542,0.546811,0.782902,0.278323
image_01140.jpg,test,EDM_CHILL,0.524163,0.568930,0.601171,0.564755,0.462938,0.288075,0.531216,0.241774
image_01141.jpg,train,EDM_CHILL,0.489881,0.593175,0.706040,0.596365,0.572477,0.326483,0.489824,0.087412
image_01142.jpg,train,CINEMATIC,0.614387,0.582114,0.555634,0.584045,0.297538,0.128856,0.235434,0.202335
image_01143.jpg,train,CINEMATIC,0.398420,0.353226,0.270862,0.340836,0.152030,0.347175,0.337399,0.203662
image_01144.jpg,test,EDM_CHILL,0.763600,0.769640,0.784054,0.772431,0.444725,0.083598,0.190988,0.311743
image_01145.jpg,train,CINEMATIC,0.556456,0.456530,0.404117,0.472368,0.106944,0.334133,0.401934,0.185852
image_01146.jpg,train,CINEMATIC,0.367665,0.337036,0.343458,0.349387,0.461211,0.224799,0.284068,0.276417
image_01147.jpg,train,HOUSE,0.475129,0.482927,0.356232,0.438096,0.205930,0.321204,0.330519,0.195025
image_01148.jpg,train,EDM_DROP,0.498611,0.537865,0.594145,0.543540,0.456872,0.313376,0.504013,0.183549
image_01149.jpg,train,HOUSE,0.501543,0.508297,0.461816,0.490552,0.412931,0.379071,0.481620,0.261682
image_01150.jpg,train,HOUSE,0.445745,0.427386,0.377355,0.416828,0.350478,0.236057,0.551312,0.218323
image_01151.jpg,train,CINEMATIC,0.637757,0.559939,0.418127,0.538608,0.120338,0.374979,0.443761,0.175058
image_01152.jpg,train,EDM_DROP,0.233974,0.350421,0.693683,0.426026,0.613606,0.692712,0.855806,0.242931
image_01153.jpg,train,HOUSE,0.333956,0.305401,0.278243,0.305867,0.379218,0.290259,0.325282,0.172909
image_01154.jpg,train,HOUSE,0.307311,0.336180,0.246670,0.296720,0.278276,0.401565,0.450645,0.265768
image_01155.jpg,train,EDM_DROP,0.302900,0.355493,0.384034,0.347475,0.484801,0.404305,0.424457,0.157220
image_01156.jpg,test,HOUSE,0.611470,0.692704,0.538888,0.614354,0.281384,0.331220,0.612788,0.282986
image_01157.jpg,train,HOUSE,0.585388,0.490329,0.505298,0.527005,0.458581,0.469186,0.985181,0.239488
image_01158.jpg,train,CINEMATIC,0.482055,0.436796,0.423500,0.447451,0.364690,0.222568,0.359229,0.226486
image_01159.jpg,train,EDM_DROP,0.201136,0.238327,0.223124,0.220863,0.476366,0.565565,0.650191,0.187251
image_01160.jpg,train,EDM_CHILL,0.553998,0.601286,0.688308,0.614530,0.606776,0.282760,0.442633,0.222075
image_01162.jpg,train,HOUSE,0.702293,0.433635,0.254606,0.463511,0.165893,0.671113,1.000000,0.202564
image_01163.jpg,test,CINEMATIC,0.542769,0.430967,0.389675,0.454471,0.175280,0.305958,0.356992,0.171500
image_01164.jpg,train,EDM_CHILL,0.530014,0.585177,0.531474,0.548889,0.301065,0.303601,0.472597,0.310517
image_01166.jpg,train,HOUSE,0.442909,0.350275,0.323058,0.372080,0.314301,0.467366,0.858926,0.236486
image_01167.jpg,train,HOUSE,0.424683,0.460667,0.405859,0.430403,0.281474,0.272389,0.644770,0.243076
image_01168.jpg,train,HOUSE,0.463904,0.386851,0.347345,0.399366,0.177780,0.423394,0.499730,0.314472
image_01169.jpg,train,CINEMATIC,0.455010,0.490019,0.411304,0.452111,0.258704,0.263693,0.290813,0.288926
image_01170.jpg,train,CINEMATIC,0.592539,0.582194,0.579385,0.584706,0.245429,0.163248,0.295925,0.200055
image_01171.jpg,test,CINEMATIC,0.396674,0.373085,0.325131,0.364964,0.237172,0.245945,0.248794,0.176293
image_01172.jpg,train,EDM_DROP,0.523344,0.333497,0.189411,0.348751,0.355941,0.634438,0.961109,0.286769
image_01173.jpg,train,HOUSE,0.449724,0.463334,0.388918,0.433992,0.288565,0.236805,0.397276,0.182690
image_01174.jpg,train,HOUSE,0.458212,0.506618,0.397305,0.454045,0.279501,0.400537,0.701032,0.217288
image_01175.jpg,train,CINEMATIC,0.515497,0.506856,0.498394,0.506916,0.444251,0.164784,0.264851,0.178319
image_01176.jpg,test,CINEMATIC,0.493153,0.480307,0.469359,0.480940,0.299518,0.110383,0.155158,0.274309
image_01177.jpg,test,CINEMATIC,0.527740,0.468498,0.450812,0.482350,0.401387,0.188182,0.299185,0.224186
image_01178.jpg,train,CINEMATIC,0.532110,0.489569,0.418777,0.480152,0.243233,0.361450,0.318526,0.301615
image_01179.jpg,test,HOUSE,0.502002,0.565903,0.447747,0.505217,0.306705,0.230032,0.356524,0.207597
image_01180.jpg,train,CINEMATIC,0.502056,0.459479,0.431024,0.464186,0.241426,0.229668,0.256716,0.221049
image_01181.jpg,train,EDM_CHILL,0.590559,0.574776,0.580467,0.581934,0.452813,0.176354,0.261984,0.325841
image_01182.jpg,train,CINEMATIC,0.468425,0.398732,0.374713,0.413957,0.154826,0.334236,0.333800,0.283715
image_01183.jpg,train,HOUSE,0.490203,0.585749,0.300926,0.458959,0.234176,0.557430,0.518458,0.239338
image_01184.jpg,train,CINEMATIC,0.443989,0.418862,0.418706,0.427186,0.432015,0.253352,0.271597,0.310319
image_01185.jpg,train,EDM_CHILL,0.657687,0.701666,0.714526,0.691293,0.518709,0.182672,0.366937,0.280889
image_01186.jpg,train,HOUSE,0.409074,0.392445,0.275240,0.358920,0.211801,0.405953,0.467362,0.190241
image_01187.jpg,train,EDM_CHILL,0.719793,0.716255,0.722588,0.719545,0.416572,0.064603,0.234173,0.243411
image_01188.jpg,test,CINEMATIC,0.329428,0.392174,0.359936,0.360513,0.329055,0.322591,0.459008,0.218202
image_01189.jpg,test,CINEMATIC,0.437909,0.425115,0.427301,0.430108,0.307479,0.248730,0.395794,0.256213
image_01190.jpg,train,HOUSE,0.525650,0.580215,0.357737,0.487868,0.212745,0.370282,0.562415,0.249091
image_01191.jpg,train,EDM_DROP,0.280656,0.308778,0.290777,0.293404,0.429940,0.383095,0.303203,0.225632
image_01192.jpg,train,HOUSE,0.501253,0.522520,0.589775,0.537849,0.529257,0.273576,0.455313,0.235162
image_01193.jpg,train,HOUSE,0.535731,0.494863,0.453194,0.494596,0.240133,0.342525,0.529748,0.228301
image_01194.jpg,train,CINEMATIC,0.560953,0.563514,0.594622,0.573030,0.419391,0.202734,0.350482,0.269275
image_01195.jpg,test,EDM_CHILL,0.421660,0.562712,0.401696,0.462023,0.303504,0.593572,0.877336,0.229429
image_01196.jpg,test,EDM_DROP,0.319934,0.271664,0.249144,0.280247,0.128520,0.167662,0.406787,0.329276
image_01197.jpg,test,CINEMATIC,0.473131,0.403081,0.369422,0.415211,0.192830,0.300654,0.347139,0.293727
image_01198.jpg,train,EDM_CHILL,0.293234,0.457465,0.558718,0.436472,0.556841,0.479216,0.494160,0.154490
image_01199.jpg,train,CINEMATIC,0.422622,0.415433,0.447034,0.428363,0.487783,0.234611,0.343499,0.185920
image_01200.jpg,test,CINEMATIC,0.353959,0.327152,0.299314,0.326808,0.119453,0.177383,0.134428,0.138829
image_01201.jpg,train,HOUSE,0.449542,0.392275,0.285373,0.375730,0.369743,0.387199,0.709858,0.271497
image_01202.jpg,train,HOUSE,0.444225,0.426149,0.265995,0.378790,0.191598,0.492584,0.565013,0.199730
image_01203.jpg,train,HOUSE,0.386518,0.333855,0.335532,0.351968,0.452502,0.335242,0.562529,0.271354
image_01204.jpg,train,EDM_DROP,0.274401,0.246352,0.222901,0.247884,0.151748,0.185599,0.352536,0.316837
image_01205.jpg,train,CINEMATIC,0.328099,0.300783,0.266864,0.298582,0.325211,0.280847,0.271908,0.173433
image_01206.jpg,train,EDM_CHILL,0.477481,0.576705,0.626798,0.560328,0.415494,0.281602,0.539394,0.238275
image_01207.jpg,test,EDM_DROP,0.385873,0.303892,0.239486,0.309750,0.254159,0.555923,0.601294,0.328262
image_01208.jpg,train,HOUSE,0.443440,0.335100,0.206981,0.328507,0.156416,0.562354,0.648493,0.266981
image_01209.jpg,test,CINEMATIC,0.546082,0.523051,0.514892,0.528009,0.519198,0.190890,0.222949,0.354130
image_01210.jpg,test,CINEMATIC,0.503134,0.417523,0.363227,0.427962,0.177599,0.328264,0.376138,0.262668
image_01211.jpg,train,CINEMATIC,0.548686,0.542430,0.554860,0.548659,0.481409,0.089921,0.164498,0.128455
image_01212.jpg,train,CINEMATIC,0.421499,0.423993,0.383308,0.409600,0.299161,0.209127,0.240397,0.165793
image_01213.jpg,train,CINEMATIC,0.474769,0.486119,0.419023,0.459971,0.395245,0.230789,0.345661,0.251944
image_01214.jpg,test,HOUSE,0.546117,0.541044,0.492888,0.526683,0.246742,0.335767,0.528938,0.256471
image_01215.jpg,train,EDM_DROP,0.308432,0.235234,0.183652,0.242439,0.097269,0.485232,0.327397,0.191176
image_01216.jpg,train,CINEMATIC,0.389317,0.390723,0.351082,0.377041,0.299731,0.281888,0.321255,0.230266
image_01217.jpg,train,HOUSE,0.383176,0.512094,0.418610,0.437960,0.378589,0.582971,1.000000,0.248231
image_01218.jpg,train,EDM_DROP,0.506941,0.239282,0.110163,0.285462,0.077257,0.778407,0.720352,0.156162
image_01219.jpg,test,HOUSE,0.658490,0.544420,0.407416,0.536775,0.126110,0.402033,0.500664,0.168986
image_01220.jpg,train,EDM_CHILL,0.569249,0.570766,0.566827,0.568947,0.414561,0.192847,0.323527,0.217590
image_01221.jpg,test,EDM_CHILL,0.820604,0.762712,0.816130,0.799815,0.601039,0.173064,0.615007,0.172906
image_01222.jpg,test,CINEMATIC,0.451607,0.489221,0.462213,0.467680,0.341022,0.231727,0.362635,0.208043
image_01223.jpg,test,HOUSE,0.457546,0.454650,0.313297,0.408497,0.220453,0.401260,0.514504,0.243205
image_01224.jpg,train,CINEMATIC,0.479846,0.389277,0.280689,0.383271,0.082613,0.313874,0.549102,0.239683
image_01225.jpg,train,EDM_CHILL,0.447947,0.693605,0.677375,0.606309,0.476824,0.420848,0.679922,0.156045
image_01226.jpg,train,EDM_CHILL,0.551869,0.500234,0.431471,0.494525,0.378301,0.275500,0.409176,0.160095
image_01227.jpg,train,HOUSE,0.447446,0.318524,0.263781,0.343250,0.212916,0.529525,0.773576,0.209434
image_01228.jpg,train,CINEMATIC,0.479138,0.448410,0.412582,0.446710,0.165616,0.280959,0.231126,0.255571
image_01229.jpg,train,HOUSE,0.422530,0.328825,0.249126,0.333494,0.247323,0.280112,0.856877,0.217938
image_01230.jpg,train,HOUSE,0.432416,0.393089,0.364950,0.396819,0.387051,0.398050,0.624742,0.288483
image_01231.jpg,train,HOUSE,0.423412,0.364767,0.326817,0.371666,0.190975,0.303734,0.504351,0.173080
image_01232.jpg,train,CINEMATIC,0.417521,0.426743,0.369359,0.404541,0.232124,0.192875,0.159167,0.252198
image_01233.jpg,train,EDM_DROP,0.224465,0.183479,0.162074,0.190006,0.218709,0.408656,0.393790,0.185406
image_01234.jpg,train,HOUSE,0.483024,0.401913,0.365726,0.416887,0.276972,0.421052,0.605525,0.322110
image_01235.jpg,train,EDM_DROP,0.146859,0.197514,0.245683,0.196685,0.523906,0.484808,0.419721,0.177484
image_01236.jpg,train,EDM_CHILL,0.498673,0.530255,0.570250,0.533059,0.544183,0.205658,0.249688,0.245911
image_01237.jpg,train,EDM_DROP,0.310197,0.302300,0.129432,0.247309,0.207089,0.612617,0.566806,0.214093
image_01238.jpg,train,EDM_DROP,0.113137,0.134449,0.081153,0.109580,0.307130,0.717116,0.431834,0.135716
image_01239.jpg,train,HOUSE,0.421224,0.511435,0.321810,0.418156,0.226708,0.413802,0.492923,0.202180
image_01240.jpg,test,CINEMATIC,0.407913,0.363692,0.337572,0.369726,0.385691,0.273046,0.495317,0.195400
image_01241.jpg,train,CINEMATIC,0.516669,0.494041,0.415540,0.475417,0.163404,0.221164,0.261258,0.188329
image_01242.jpg,train,CINEMATIC,0.538747,0.512227,0.362039,0.471005,0.143334,0.353747,0.327210,0.114810
image_01243.jpg,train,CINEMATIC,0.474016,0.473055,0.488841,0.478637,0.371599,0.208136,0.423365,0.263385
image_01244.jpg,train,CINEMATIC,0.372934,0.344691,0.339774,0.352466,0.413553,0.318593,0.377915,0.246196
image_01245.jpg,test,CINEMATIC,0.533771,0.521335,0.530127,0.528411,0.554649,0.060189,0.097515,0.160089
image_01246.jpg,test,HOUSE,0.438536,0.402464,0.291520,0.377506,0.195910,0.441102,0.441257,0.242478
image_01247.jpg,train,EDM_CHILL,0.471462,0.478568,0.497047,0.482359,0.466615,0.302015,0.389382,0.265630
image_01248.jpg,train,EDM_CHILL,0.562991,0.536356,0.523113,0.540820,0.346968,0.219285,0.330269,0.276186
image_01250.jpg,train,CINEMATIC,0.612495,0.576540,0.483962,0.557666,0.168149,0.216997,0.301029,0.190576
image_01251.jpg,train,EDM_CHILL,0.584362,0.655062,0.709787,0.649737,0.571327,0.203340,0.261001,0.177799
image_01252.jpg,train,CINEMATIC,0.453518,0.362202,0.277838,0.364519,0.111236,0.452420,0.415243,0.155400
image_01253.jpg,train,HOUSE,0.449445,0.304711,0.280449,0.344868,0.276318,0.478364,0.690685,0.201775
image_01254.jpg,train,CINEMATIC,0.449481,0.465832,0.445348,0.453554,0.355849,0.341112,0.349359,0.306582
image_01255.jpg,test,CINEMATIC,0.435762,0.403793,0.401317,0.413624,0.304193,0.196793,0.258984,0.222526
image_01256.jpg,train,HOUSE,0.596603,0.516158,0.453414,0.522058,0.179680,0.340579,0.391971,0.318388
image_01257.jpg,train,HOUSE,0.361631,0.416597,0.191366,0.323198,0.294147,0.651093,0.778702,0.193456
image_01258.jpg,train,HOUSE,0.391527,0.360563,0.311360,0.354483,0.203747,0.396032,0.485848,0.270107
image_01259.jpg,test,HOUSE,0.509406,0.520423,0.481111,0.503647,0.323340,0.331832,0.571597,0.270720
image_01260.jpg,train,HOUSE,0.470214,0.492179,0.517459,0.493284,0.455097,0.338109,0.673007,0.247587
image_01261.jpg,train,CINEMATIC,0.360761,0.320269,0.271179,0.317403,0.304767,0.295265,0.463991,0.173661
image_01262.jpg,train,EDM_DROP,0.344831,0.246725,0.134223,0.241926,0.118868,0.721005,0.474674,0.200823
image_01263.jpg,train,CINEMATIC,0.550605,0.507021,0.451490,0.503039,0.223020,0.215546,0.564217,0.227753
image_01264.jpg,train,CINEMATIC,0.577373,0.534075,0.500611,0.537353,0.262205,0.192768,0.270144,0.237881
image_01265.jpg,train,CINEMATIC,0.353744,0.387029,0.404001,0.381591,0.405553,0.312559,0.312766,0.348805
image_01266.jpg,train,HOUSE,0.849332,0.654943,0.276946,0.593740,0.251505,0.671616,1.000000,0.227010
image_01267.jpg,train,HOUSE,0.634515,0.551531,0.463995,0.550014,0.096074,0.271313,0.258981,0.105229
image_01268.jpg,train,CINEMATIC,0.464996,0.386565,0.364455,0.405339,0.388998,0.264126,0.412731,0.213341
image_01269.jpg,train,HOUSE,0.399913,0.396797,0.396362,0.397691,0.353506,0.456772,0.476664,0.302207
image_01270.jpg,train,EDM_CHILL,0.664667,0.654248,0.635736,0.651550,0.387752,0.094602,0.256651,0.301676
image_01271.jpg,train,CINEMATIC,0.229654,0.240471,0.188925,0.219683,0.231020,0.275277,0.126731,0.129319
image_01272.jpg,train,CINEMATIC,0.359793,0.324105,0.403319,0.362405,0.646545,0.296783,0.412681,0.171575
image_01273.jpg,train,EDM_DROP,0.311072,0.247812,0.152529,0.237138,0.159964,0.554116,0.500301,0.204911
image_01274.jpg,test,CINEMATIC,0.425064,0.429443,0.314791,0.389766,0.187504,0.305268,0.330811,0.168159
image_01275.jpg,train,HOUSE,0.588152,0.547619,0.643556,0.593109,0.649460,0.399058,0.925451,0.184255
image_01276.jpg,train,EDM_CHILL,0.484656,0.533379,0.594457,0.537497,0.573783,0.225700,0.412397,0.279672
image_01277.jpg,train,CINEMATIC,0.393590,0.374456,0.369384,0.379144,0.331247,0.141519,0.164063,0.233211
image_01278.jpg,train,EDM_DROP,0.080818,0.246979,0.627309,0.318369,0.613046,0.872853,0.609462,0.084831
image_01279.jpg,train,HOUSE,0.671081,0.616915,0.508099,0.598698,0.207347,0.335446,0.606920,0.215490
image_01280.jpg,train,CINEMATIC,0.521586,0.515089,0.404153,0.480276,0.257949,0.236560,0.384323,0.134250
image_01281.jpg,train,CINEMATIC,0.403698,0.391568,0.342982,0.379416,0.211688,0.203647,0.306868,0.224608
image_01282.jpg,train,CINEMATIC,0.361663,0.379213,0.325614,0.355497,0.282877,0.282798,0.280453,0.217654
image_01283.jpg,test,HOUSE,0.568102,0.448397,0.319655,0.445385,0.086547,0.488483,0.352510,0.203933
image_01284.jpg,train,HOUSE,0.573929,0.497884,0.452045,0.507953,0.177726,0.351464,0.481070,0.312055
image_01285.jpg,test,HOUSE,0.497978,0.467205,0.430113,0.465099,0.274036,0.250154,0.439023,0.260324
image_01286.jpg,train,HOUSE,0.448679,0.376108,0.274638,0.366475,0.216157,0.431980,0.576774,0.263827
image_01287.jpg,train,HOUSE,0.665565,0.559491,0.372873,0.532643,0.110567,0.451333,0.443831,0.159670
image_01288.jpg,train,CINEMATIC,0.517494,0.503453,0.513403,0.511450,0.540917,0.121337,0.260200,0.170456
image_01289.jpg,train,HOUSE,0.488376,0.453671,0.413983,0.452010,0.348133,0.470573,1.000000,0.194316
image_01290.jpg,train,EDM_CHILL,0.684805,0.642558,0.557645,0.628336,0.123878,0.319941,0.271539,0.346654
image_01291.jpg,test,HOUSE,0.550701,0.485661,0.422877,0.486413,0.266193,0.439555,0.677732,0.255379
image_01292.jpg,train,CINEMATIC,0.589833,0.623571,0.588155,0.600519,0.327790,0.074440,0.092753,0.159438
image_01293.jpg,train,EDM_CHILL,0.430367,0.502733,0.537159,0.490086,0.368102,0.366742,0.670078,0.141442
image_01294.jpg,train,HOUSE,0.504028,0.440898,0.388433,0.444453,0.259562,0.483644,0.695312,0.295349
image_01295.jpg,train,EDM_CHILL,0.501570,0.509231,0.455102,0.488634,0.314643,0.245657,0.299397,0.276423
image_01296.jpg,train,HOUSE,0.536945,0.380573,0.235259,0.384259,0.111726,0.606184,0.677477,0.202895
image_01297.jpg,test,EDM_DROP,0.210773,0.217066,0.167188,0.198343,0.228269,0.437545,0.411755,0.265437
image_01298.jpg,train,HOUSE,0.681090,0.516597,0.453268,0.550318,0.180200,0.381836,0.671410,0.214121
image_01299.jpg,train,EDM_CHILL,0.765137,0.757771,0.740336,0.754415,0.219532,0.061119,0.157661,0.176944
image_01300.jpg,train,HOUSE,0.506111,0.512787,0.414469,0.477789,0.289952,0.306166,0.457400,0.176956
image_01301.jpg,test,HOUSE,0.624021,0.623767,0.499245,0.582344,0.301060,0.349860,0.570108,0.217297
image_01302.jpg,train,CINEMATIC,0.342009,0.300186,0.208576,0.283590,0.200677,0.494535,0.330518,0.152347
image_01303.jpg,train,EDM_CHILL,0.327114,0.418526,0.459750,0.401796,0.521190,0.417788,0.362003,0.236746
image_01304.jpg,train,EDM_CHILL,0.871540,0.897523,0.908371,0.892478,0.549740,0.065814,0.144900,0.172071
image_01305.jpg,train,CINEMATIC,0.521898,0.518354,0.513544,0.517932,0.302294,0.199993,0.264855,0.214242
image_01306.jpg,train,EDM_DROP,0.230909,0.198478,0.171080,0.200156,0.181048,0.342478,0.286634,0.183920
image_01307.jpg,train,EDM_CHILL,0.457228,0.492342,0.488801,0.479457,0.375089,0.234459,0.288258,0.205482
image_01308.jpg,train,EDM_DROP,0.394434,0.322704,0.319162,0.345433,0.298541,0.338627,0.524509,0.313138
image_01309.jpg,train,HOUSE,0.329999,0.345257,0.231217,0.302158,0.296271,0.527475,0.476591,0.215743
image_01310.jpg,train,CINEMATIC,0.398088,0.378474,0.370475,0.382345,0.398803,0.165636,0.262281,0.219003
image_01311.jpg,test,HOUSE,0.533071,0.561732,0.306515,0.467106,0.190935,0.514133,0.581608,0.140898
image_01312.jpg,train,CINEMATIC,0.383003,0.401882,0.367280,0.384055,0.390470,0.250066,0.235462,0.237356
image_01313.jpg,train,CINEMATIC,0.590650,0.613572,0.510640,0.571620,0.200600,0.241370,0.374686,0.263521
image_01314.jpg,train,EDM_DROP,0.362482,0.351241,0.333929,0.349217,0.254733,0.301484,0.214973,0.384631
image_01315.jpg,train,HOUSE,0.474323,0.457920,0.437082,0.456441,0.301248,0.203316,0.372188,0.296402
image_01316.jpg,train,EDM_DROP,0.345038,0.327099,0.324948,0.332362,0.411773,0.247833,0.338942,0.299706
image_01317.jpg,test,EDM_CHILL,0.527317,0.567089,0.500156,0.531521,0.379883,0.233537,0.379900,0.154904
image_01318.jpg,train,CINEMATIC,0.452764,0.386103,0.355535,0.398134,0.256123,0.292062,0.449496,0.192826
image_01319.jpg,test,EDM_DROP,0.226870,0.202255,0.210562,0.213229,0.302917,0.271164,0.354535,0.210301
image_01320.jpg,train,CINEMATIC,0.503085,0.510982,0.492716,0.502261,0.312575,0.188514,0.415200,0.282784
image_01321.jpg,train,CINEMATIC,0.431100,0.427006,0.381888,0.413331,0.229697,0.182197,0.195017,0.174961
image_01322.jpg,test,HOUSE,0.482764,0.504341,0.193168,0.393425,0.174960,0.635218,0.580388,0.144703
image_01323.jpg,test,HOUSE,0.562237,0.590614,0.364165,0.505672,0.259901,0.497310,0.839925,0.170805
image_01324.jpg,train,HOUSE,0.453032,0.505288,0.211924,0.390082,0.197912,0.588914,0.651258,0.157910
image_01325.jpg,train,HOUSE,0.468712,0.415196,0.347555,0.410488,0.385500,0.437546,0.729695,0.244237
image_01326.jpg,train,CINEMATIC,0.474786,0.476847,0.471653,0.474429,0.359147,0.131259,0.180536,0.271808
image_01327.jpg,train,EDM_CHILL,0.465667,0.487946,0.492488,0.482034,0.300378,0.334888,0.551279,0.210549
image_01328.jpg,train,HOUSE,0.491680,0.369157,0.180439,0.347092,0.102869,0.695893,0.609393,0.247812
image_01329.jpg,test,HOUSE,0.499600,0.481338,0.456548,0.479162,0.446026,0.269400,0.659174,0.212664
image_01330.jpg,train,EDM_CHILL,0.579897,0.653414,0.627073,0.620128,0.424704,0.158296,0.229074,0.164931
image_01331.jpg,test,EDM_DROP,0.363446,0.389280,0.209834,0.320853,0.256522,0.595271,0.841789,0.278647
image_01332.jpg,train,HOUSE,0.612743,0.526488,0.476839,0.538690,0.255063,0.316110,0.586755,0.322396
image_01333.jpg,train,CINEMATIC,0.433113,0.367264,0.286578,0.362318,0.114020,0.337701,0.355332,0.147129
image_01334.jpg,train,CINEMATIC,0.370121,0.355356,0.307894,0.344457,0.323256,0.332465,0.406063,0.271148
image_01335.jpg,train,HOUSE,0.446268,0.417074,0.288953,0.384098,0.213773,0.429750,0.463407,0.126929
image_01336.jpg,train,HOUSE,0.692749,0.646530,0.581531,0.640270,0.245674,0.245331,0.524282,0.229219
image_01337.jpg,train,EDM_CHILL,0.647658,0.662388,0.521479,0.610508,0.218834,0.302763,0.436804,0.257408
image_01338.jpg,train,HOUSE,0.471636,0.398358,0.277449,0.382481,0.152643,0.414545,0.465942,0.217087
image_01339.jpg,train,HOUSE,0.505654,0.436073,0.379741,0.440490,0.199941,0.312436,0.382711,0.179196
image_01340.jpg,train,HOUSE,0.525666,0.464991,0.373409,0.454689,0.247719,0.372184,0.676547,0.170452
image_01341.jpg,train,EDM_CHILL,0.445403,0.517699,0.547739,0.503614,0.498853,0.296438,0.384814,0.246730
image_01342.jpg,train,EDM_CHILL,0.348543,0.523070,0.514442,0.462018,0.399800,0.420063,0.690237,0.200639
image_01343.jpg,test,EDM_DROP,0.370638,0.312058,0.266071,0.316256,0.248394,0.352565,0.472345,0.204890
image_01344.jpg,train,EDM_DROP,0.321529,0.340865,0.281352,0.314582,0.336439,0.504402,0.426716,0.307163
image_01345.jpg,train,EDM_CHILL,0.664639,0.757217,0.848643,0.756833,0.524778,0.308601,0.640378,0.211500
image_01346.jpg,train,HOUSE,0.413982,0.332950,0.201207,0.316046,0.205830,0.684013,0.794791,0.226292
image_01347.jpg,test,EDM_CHILL,0.545863,0.568573,0.512405,0.542280,0.289582,0.204994,0.307056,0.262252
image_01348.jpg,train,CINEMATIC,0.398459,0.468300,0.348386,0.405048,0.280605,0.284226,0.265491,0.191520
image_01349.jpg,train,CINEMATIC,0.451735,0.415125,0.427558,0.431473,0.438328,0.243264,0.363959,0.191261
image_01350.jpg,train,HOUSE,0.413657,0.423352,0.410236,0.415748,0.356296,0.333856,0.438625,0.191623
image_01351.jpg,train,CINEMATIC,0.353802,0.306877,0.251164,0.303948,0.129279,0.363791,0.242088,0.180523
image_01352.jpg,train,EDM_CHILL,0.566354,0.627116,0.514201,0.569224,0.266180,0.256136,0.361934,0.245101
image_01353.jpg,train,EDM_CHILL,0.615207,0.652825,0.596907,0.621647,0.298954,0.246188,0.358193,0.351895
image_01354.jpg,test,EDM_CHILL,0.474744,0.502484,0.512048,0.496425,0.397548,0.191657,0.398780,0.259017
image_01355.jpg,train,CINEMATIC,0.409668,0.372398,0.376638,0.386235,0.342496,0.279055,0.313417,0.262750
image_01356.jpg,train,EDM_CHILL,0.357977,0.427478,0.506984,0.430813,0.552736,0.344347,0.331550,0.208049
image_01357.jpg,train,HOUSE,0.573513,0.451134,0.382496,0.469048,0.304361,0.391396,0.830847,0.279863
image_01358.jpg,train,HOUSE,0.457150,0.443103,0.363571,0.421275,0.239856,0.431292,0.453611,0.347788
image_01359.jpg,test,HOUSE,0.312535,0.518975,0.307549,0.379686,0.336414,0.491383,0.627493,0.238526
image_01360.jpg,train,CINEMATIC,0.476222,0.442429,0.430341,0.449664,0.315858,0.213355,0.356784,0.293484
image_01362.jpg,train,HOUSE,0.399377,0.544087,0.170125,0.371197,0.229309,0.715542,0.830424,0.112671
image_01363.jpg,train,EDM_DROP,0.245451,0.286039,0.257078,0.262856,0.398457,0.449318,0.326107,0.185661
image_01364.jpg,train,CINEMATIC,0.475786,0.393375,0.338686,0.402616,0.121474,0.306634,0.311880,0.123307
image_01365.jpg,train,CINEMATIC,0.535516,0.509965,0.407226,0.484236,0.221543,0.301507,0.403716,0.156854
image_01366.jpg,train,HOUSE,0.350084,0.293987,0.275393,0.306488,0.152185,0.498837,0.529877,0.202628
image_01367.jpg,test,HOUSE,0.725022,0.530416,0.307965,0.521134,0.113296,0.578502,0.688971,0.196373
image_01368.jpg,train,HOUSE,0.381832,0.323565,0.254436,0.319944,0.193276,0.498838,0.759432,0.229377
image_01369.jpg,train,HOUSE,0.416619,0.382634,0.362837,0.387363,0.260292,0.414533,0.474645,0.212694
image_01370.jpg,train,EDM_CHILL,0.565160,0.549818,0.551621,0.555533,0.349479,0.208517,0.411304,0.149438
image_01371.jpg,train,CINEMATIC,0.365881,0.432318,0.353135,0.383778,0.371766,0.267429,0.342681,0.200381
image_01372.jpg,train,CINEMATIC,0.373234,0.321519,0.326859,0.340537,0.446910,0.271055,0.352156,0.244506
image_01373.jpg,train,HOUSE,0.649620,0.667132,0.646977,0.654576,0.297188,0.272783,0.558176,0.266927
image_01374.jpg,train,EDM_DROP,0.281326,0.346310,0.210367,0.279335,0.321054,0.532649,0.605249,0.214155
image_01375.jpg,train,CINEMATIC,0.471155,0.465885,0.354939,0.430660,0.265151,0.341855,0.369563,0.171518
image_01376.jpg,test,EDM_CHILL,0.399283,0.488393,0.499722,0.462466,0.497200,0.329021,0.340930,0.186754
image_01377.jpg,train,CINEMATIC,0.422978,0.434711,0.363397,0.407029,0.333046,0.316660,0.312684,0.256694
image_01378.jpg,train,EDM_CHILL,0.630224,0.603139,0.626551,0.619972,0.412793,0.242951,0.425555,0.250643
image_01379.jpg,train,CINEMATIC,0.558035,0.555972,0.489297,0.534435,0.240072,0.209697,0.315848,0.288337
image_01380.jpg,train,EDM_DROP,0.241964,0.270054,0.272446,0.261488,0.498511,0.390419,0.409846,0.276532
image_01381.jpg,train,EDM_DROP,0.310732,0.366306,0.179717,0.285585,0.271114,0.571745,0.574956,0.225973
image_01382.jpg,train,EDM_CHILL,0.502889,0.581339,0.437397,0.507209,0.320748,0.278816,0.447722,0.171647
image_01383.jpg,train,EDM_CHILL,0.389964,0.435391,0.496515,0.440623,0.530182,0.278580,0.398376,0.218776
image_01384.jpg,train,EDM_DROP,0.212802,0.176779,0.098979,0.162854,0.225177,0.593192,0.442543,0.194445
image_01385.jpg,train,HOUSE,0.484644,0.370117,0.324247,0.393003,0.264321,0.443658,0.572946,0.221771
image_01386.jpg,train,HOUSE,0.412547,0.442129,0.433888,0.429521,0.386649,0.388951,0.384972,0.279016
image_01387.jpg,train,CINEMATIC,0.449342,0.450352,0.441773,0.447156,0.454673,0.146182,0.175468,0.247272
image_01388.jpg,train,EDM_DROP,0.307773,0.233494,0.222035,0.254434,0.380571,0.493004,0.746244,0.216814
image_01389.jpg,train,HOUSE,0.543532,0.460769,0.400698,0.468333,0.216464,0.460818,0.711879,0.237602
image_01390.jpg,train,HOUSE,0.517353,0.349829,0.132562,0.333248,0.107989,0.736519,0.719847,0.247518
image_01391.jpg,train,HOUSE,0.476212,0.544380,0.348158,0.456250,0.245912,0.401845,0.517139,0.231044
image_01392.jpg,train,CINEMATIC,0.411533,0.414774,0.430440,0.418916,0.391699,0.220633,0.308540,0.246695
image_01393.jpg,train,HOUSE,0.520182,0.507962,0.435271,0.487805,0.447823,0.299877,0.480124,0.185618
image_01394.jpg,test,EDM_CHILL,0.375702,0.443594,0.551212,0.456836,0.544889,0.408662,0.679980,0.210043
image_01395.jpg,train,EDM_DROP,0.186676,0.125530,0.069973,0.127393,0.189623,0.543534,0.403196,0.143998
image_01396.jpg,train,CINEMATIC,0.428658,0.458648,0.437862,0.441723,0.414333,0.264962,0.280920,0.250526
image_01397.jpg,train,CINEMATIC,0.492548,0.497214,0.388864,0.459542,0.204023,0.249011,0.439483,0.257040
image_01398.jpg,train,CINEMATIC,0.406494,0.417943,0.273110,0.365849,0.235999,0.358351,0.476840,0.244280
image_01399.jpg,test,HOUSE,0.620025,0.583248,0.487802,0.563692,0.191342,0.310136,0.490137,0.261771
image_01400.jpg,train,EDM_CHILL,0.655588,0.653106,0.574296,0.627663,0.176301,0.137683,0.222222,0.147059
image_01401.jpg,train,HOUSE,0.391847,0.352633,0.237832,0.327437,0.339265,0.483357,0.621640,0.206070
image_01402.jpg,train,HOUSE,0.560302,0.460560,0.258701,0.426521,0.110848,0.554021,0.420261,0.136170
image_01403.jpg,train,HOUSE,0.681722,0.528235,0.395806,0.535254,0.186965,0.393928,0.839425,0.245307
image_01404.jpg,train,HOUSE,0.799268,0.612613,0.552599,0.654827,0.155727,0.355900,0.886346,0.272082
image_01405.jpg,train,EDM_CHILL,0.338591,0.497343,0.510597,0.448844,0.470378,0.422438,0.606545,0.230731
image_01406.jpg,train,CINEMATIC,0.416337,0.419561,0.445520,0.427139,0.486233,0.240818,0.336574,0.250309
image_01407.jpg,train,HOUSE,0.723969,0.580684,0.461519,0.588724,0.081422,0.387776,0.527340,0.236370
image_01408.jpg,train,HOUSE,0.378580,0.422656,0.289242,0.363493,0.251420,0.425895,0.419015,0.173845
image_01409.jpg,train,HOUSE,0.644944,0.489820,0.404781,0.513182,0.148900,0.458730,0.562218,0.225261
image_01410.jpg,train,HOUSE,0.458918,0.379625,0.323437,0.387326,0.272413,0.362147,0.554164,0.222096
image_01411.jpg,train,CINEMATIC,0.208664,0.213155,0.206150,0.209323,0.415853,0.226750,0.186637,0.181307
image_01412.jpg,train,EDM_DROP,0.279641,0.235870,0.202894,0.239468,0.145652,0.209698,0.372708,0.195026
image_01413.jpg,train,HOUSE,0.496154,0.402953,0.372335,0.423814,0.305936,0.367594,0.455643,0.279884
image_01414.jpg,train,EDM_CHILL,0.521694,0.558818,0.612442,0.564318,0.445780,0.210829,0.388840,0.257832
image_01415.jpg,test,CINEMATIC,0.392913,0.346720,0.307109,0.348914,0.218865,0.302935,0.268148,0.227945
image_01416.jpg,train,HOUSE,0.369978,0.444443,0.429839,0.414754,0.399043,0.327518,0.656061,0.279868
image_01417.jpg,train,EDM_CHILL,0.573285,0.600163,0.578030,0.583826,0.377632,0.215074,0.320629,0.192144
image_01418.jpg,test,HOUSE,0.435240,0.358816,0.332646,0.375567,0.292179,0.431351,0.666524,0.284900
image_01419.jpg,train,EDM_CHILL,0.639628,0.616452,0.578593,0.611558,0.276715,0.198939,0.322360,0.221240
image_01420.jpg,train,CINEMATIC,0.470617,0.395669,0.371213,0.412499,0.220354,0.247956,0.293486,0.204563
image_01421.jpg,train,HOUSE,0.535448,0.384074,0.373470,0.430997,0.379401,0.457662,0.977910,0.231628
image_01422.jpg,train,CINEMATIC,0.480247,0.435913,0.451924,0.456028,0.517130,0.232549,0.477802,0.302180
image_01423.jpg,train,CINEMATIC,0.462114,0.373610,0.327169,0.387631,0.225220,0.381983,0.476982,0.248879
image_01424.jpg,train,HOUSE,0.652424,0.477605,0.414547,0.514859,0.418159,0.464273,0.881063,0.245674
image_01425.jpg,train,EDM_CHILL,0.641446,0.589637,0.586309,0.605798,0.331969,0.277177,0.428479,0.273456
image_01426.jpg,train,EDM_CHILL,0.308424,0.419896,0.585346,0.437889,0.559144,0.510127,0.790921,0.148971
image_01427.jpg,test,CINEMATIC,0.475597,0.416680,0.323925,0.405401,0.121332,0.335590,0.363635,0.213411
image_01428.jpg,train,EDM_DROP,0.260384,0.282603,0.247265,0.263417,0.390686,0.405497,0.376947,0.219152
image_01429.jpg,train,EDM_CHILL,0.658197,0.627995,0.583594,0.623262,0.113340,0.204683,0.208826,0.294828
image_01430.jpg,test,EDM_DROP,0.331777,0.349038,0.373958,0.351591,0.439519,0.150069,0.242814,0.310484
image_01431.jpg,test,HOUSE,0.387222,0.372591,0.305254,0.355022,0.334511,0.386962,0.561682,0.250461
image_01432.jpg,test,HOUSE,0.605391,0.500711,0.467294,0.524465,0.282148,0.341416,0.686567,0.352946
image_01433.jpg,test,CINEMATIC,0.400637,0.386780,0.357015,0.381477,0.241071,0.219285,0.280807,0.195179
image_01434.jpg,train,HOUSE,0.270095,0.413535,0.289393,0.324341,0.340455,0.453535,0.373954,0.192320
image_01435.jpg,test,CINEMATIC,0.450414,0.448922,0.442248,0.447194,0.375341,0.068611,0.152351,0.078863
image_01436.jpg,train,EDM_CHILL,0.648781,0.623657,0.587599,0.620012,0.265688,0.231651,0.386213,0.302134
image_01437.jpg,train,CINEMATIC,0.316251,0.297180,0.276795,0.296742,0.122047,0.262358,0.129540,0.335259
image_01438.jpg,train,EDM_DROP,0.313621,0.264744,0.209806,0.262723,0.179520,0.352449,0.369258,0.181588
image_01439.jpg,train,CINEMATIC,0.436418,0.425526,0.436181,0.432708,0.449096,0.139370,0.226222,0.255445
image_01440.jpg,train,HOUSE,0.480830,0.447490,0.443010,0.457110,0.321082,0.394610,0.469329,0.291575
image_01441.jpg,train,CINEMATIC,0.401734,0.401247,0.408823,0.403935,0.388860,0.223423,0.252174,0.229808
image_01442.jpg,train,CINEMATIC,0.294964,0.316668,0.272604,0.294745,0.292180,0.349707,0.418754,0.222062
image_01443.jpg,test,CINEMATIC,0.345078,0.303342,0.294638,0.314353,0.332640,0.299142,0.408051,0.240110
image_01444.jpg,train,CINEMATIC,0.474231,0.464316,0.450602,0.463050,0.331249,0.223494,0.265280,0.246225
image_01445.jpg,train,EDM_CHILL,0.663465,0.620121,0.589933,0.624506,0.270692,0.199794,0.268185,0.306079
image_01446.jpg,train,CINEMATIC,0.400433,0.382449,0.339577,0.374153,0.189441,0.285000,0.230005,0.299659
image_01447.jpg,train,CINEMATIC,0.482785,0.402325,0.329945,0.405018,0.098075,0.330868,0.274545,0.165603
image_01448.jpg,train,CINEMATIC,0.555889,0.533347,0.514254,0.534497,0.340398,0.183701,0.283144,0.253966
image_01449.jpg,train,HOUSE,0.705810,0.449104,0.207640,0.454184,0.130928,0.744897,0.976923,0.259335
image_01450.jpg,test,CINEMATIC,0.425084,0.401680,0.279350,0.368704,0.181530,0.349049,0.385020,0.286640
image_01451.jpg,train,EDM_CHILL,0.659741,0.649812,0.606523,0.638692,0.292706,0.219908,0.408206,0.240894
image_01452.jpg,train,EDM_DROP,0.276388,0.244860,0.241658,0.254302,0.228689,0.241529,0.391424,0.237780
image_01453.jpg,test,CINEMATIC,0.410036,0.461638,0.493309,0.454994,0.494478,0.177290,0.243066,0.172706
image_01454.jpg,train,HOUSE,0.688313,0.485711,0.409692,0.527905,0.188715,0.490976,0.707935,0.290772
image_01455.jpg,train,HOUSE,0.376756,0.320692,0.234019,0.310489,0.255257,0.513899,0.625689,0.252203
image_01456.jpg,train,CINEMATIC,0.441321,0.386988,0.378606,0.402305,0.344215,0.219146,0.277847,0.172728
image_01457.jpg,train,EDM_CHILL,0.514363,0.513884,0.498749,0.508999,0.354762,0.165194,0.160831,0.314452
image_01458.jpg,train,HOUSE,0.380587,0.443972,0.291980,0.372180,0.330119,0.473045,0.538292,0.252093
image_01459.jpg,train,HOUSE,0.379826,0.355812,0.352476,0.362705,0.396187,0.376292,0.584894,0.164675
image_01460.jpg,train,HOUSE,0.589082,0.519249,0.491788,0.533373,0.269866,0.285370,0.335912,0.374705
image_01461.jpg,train,EDM_CHILL,0.503556,0.494526,0.492543,0.496875,0.348273,0.278285,0.453916,0.129362
image_01462.jpg,train,EDM_DROP,0.246505,0.174442,0.146872,0.189273,0.340415,0.373467,0.334903,0.144704
image_01463.jpg,train,EDM_CHILL,0.469634,0.518984,0.574707,0.521108,0.581295,0.207335,0.236583,0.103955
image_01464.jpg,train,HOUSE,0.528792,0.452928,0.349807,0.443842,0.161509,0.393138,0.388832,0.184799
image_01465.jpg,train,HOUSE,0.445980,0.454362,0.367931,0.422758,0.306434,0.328755,0.536908,0.236916
image_01466.jpg,test,CINEMATIC,0.467545,0.433479,0.418306,0.439777,0.409805,0.212274,0.387073,0.222319
image_01467.jpg,train,CINEMATIC,0.409411,0.394337,0.302096,0.368615,0.190225,0.351752,0.417024,0.339774
image_01468.jpg,train,EDM_DROP,0.251753,0.266744,0.284525,0.267674,0.286303,0.466263,0.572060,0.260679
image_01469.jpg,train,EDM_DROP,0.290008,0.435070,0.171754,0.298944,0.288675,0.608217,0.603860,0.148975
image_01470.jpg,test,HOUSE,0.411591,0.460158,0.250395,0.374048,0.295977,0.524974,0.827982,0.226076
image_01471.jpg,train,EDM_DROP,0.223363,0.155310,0.128553,0.169075,0.348687,0.519371,0.548435,0.230238
image_01472.jpg,train,HOUSE,0.543652,0.456328,0.381832,0.460604,0.307532,0.371481,0.583248,0.270855
image_01473.jpg,train,EDM_CHILL,0.412181,0.498390,0.557776,0.489449,0.450279,0.305648,0.604138,0.175130
image_01474.jpg,train,EDM_CHILL,0.433163,0.542417,0.446037,0.473872,0.343094,0.460874,0.640762,0.177313
image_01475.jpg,test,CINEMATIC,0.364285,0.328115,0.307754,0.333385,0.294136,0.260927,0.406632,0.280960
image_01476.jpg,train,EDM_DROP,0.198600,0.200841,0.166419,0.188620,0.259058,0.369932,0.281285,0.157280
image_01477.jpg,train,CINEMATIC,0.425823,0.415821,0.430863,0.424169,0.452374,0.145003,0.216579,0.151071
image_01478.jpg,train,HOUSE,0.390941,0.360378,0.305564,0.352294,0.338913,0.333347,0.522377,0.234174
image_01479.jpg,train,HOUSE,0.504027,0.420772,0.402441,0.442413,0.324369,0.330255,0.545475,0.170795
image_01480.jpg,train,HOUSE,0.512270,0.392327,0.282153,0.395583,0.271866,0.564142,1.000000,0.278162
image_01481.jpg,train,CINEMATIC,0.473935,0.427651,0.380487,0.427358,0.286320,0.256376,0.486549,0.209677
image_01482.jpg,train,CINEMATIC,0.438849,0.464729,0.466013,0.456530,0.437395,0.211702,0.250875,0.365878
image_01483.jpg,train,EDM_CHILL,0.747544,0.743282,0.743931,0.744919,0.433075,0.107484,0.254031,0.184150
image_01484.jpg,train,HOUSE,0.419993,0.398391,0.386043,0.401476,0.383982,0.297287,0.522659,0.196436
image_01485.jpg,train,HOUSE,0.311779,0.349685,0.280619,0.314028,0.317111,0.428169,0.567412,0.136299
image_01486.jpg,train,HOUSE,0.446089,0.374585,0.324922,0.381865,0.336651,0.406336,0.555844,0.292607
image_01487.jpg,train,HOUSE,0.536406,0.529140,0.471579,0.512375,0.320859,0.415009,0.722531,0.224866
image_01488.jpg,train,EDM_DROP,0.378892,0.309919,0.262560,0.317124,0.161865,0.403731,0.449912,0.307904
image_01489.jpg,train,HOUSE,0.555256,0.459760,0.424926,0.479980,0.357898,0.279607,0.560041,0.228471
image_01490.jpg,train,EDM_CHILL,0.584066,0.619954,0.525249,0.576423,0.355693,0.227640,0.442139,0.245126
image_01491.jpg,train,HOUSE,0.504952,0.514693,0.326735,0.448793,0.217473,0.411273,0.531486,0.130123
image_01492.jpg,train,EDM_CHILL,0.579875,0.626533,0.621954,0.609454,0.416115,0.134575,0.201610,0.263325
image_01493.jpg,train,CINEMATIC,0.446082,0.413423,0.324288,0.394598,0.206088,0.313717,0.368251,0.242782
image_01494.jpg,train,HOUSE,0.471123,0.506585,0.547347,0.508352,0.510524,0.380903,0.841844,0.313548
image_01495.jpg,train,CINEMATIC,0.487527,0.487255,0.481361,0.485381,0.404424,0.132789,0.216659,0.163509
image_01496.jpg,train,CINEMATIC,0.507159,0.470140,0.434215,0.470505,0.400872,0.202344,0.428783,0.210966
image_01497.jpg,train,EDM_CHILL,0.697509,0.706732,0.722992,0.709078,0.571088,0.142422,0.301289,0.297164
image_01498.jpg,train,CINEMATIC,0.558267,0.544457,0.515370,0.539365,0.256380,0.225079,0.300597,0.378612
image_01499.jpg,test,HOUSE,0.409781,0.462827,0.304832,0.392480,0.283988,0.330973,0.430331,0.178923
image_01500.jpg,train,HOUSE,0.430409,0.342402,0.284665,0.352492,0.161941,0.341003,0.532775,0.184727
image_01501.jpg,test,CINEMATIC,0.460131,0.453463,0.457435,0.457010,0.429191,0.181931,0.197005,0.260510
image_01502.jpg,train,EDM_CHILL,0.562049,0.672793,0.806482,0.680441,0.461203,0.413433,1.000000,0.226384
image_01503.jpg,train,CINEMATIC,0.438548,0.441455,0.420960,0.433655,0.338059,0.286497,0.337290,0.258418
image_01504.jpg,train,CINEMATIC,0.529597,0.475762,0.414863,0.473407,0.237955,0.283903,0.381549,0.305213
image_01505.jpg,test,EDM_CHILL,0.361415,0.501728,0.334203,0.399115,0.293495,0.549086,0.631841,0.258659
image_01506.jpg,train,EDM_CHILL,0.585167,0.572172,0.553608,0.570316,0.302761,0.204004,0.273111,0.281488
image_01507.jpg,test,EDM_CHILL,0.532600,0.585003,0.597203,0.571602,0.388170,0.174225,0.353361,0.322517
image_01508.jpg,train,CINEMATIC,0.426058,0.404719,0.279455,0.370077,0.270198,0.388413,0.456166,0.208641
image_01509.jpg,train,CINEMATIC,0.534795,0.496052,0.362266,0.464371,0.301302,0.399356,0.421455,0.172714
image_01510.jpg,train,EDM_CHILL,0.634904,0.666831,0.677923,0.659886,0.526841,0.071699,0.107147,0.154675
image_01511.jpg,test,CINEMATIC,0.369823,0.360539,0.375809,0.368724,0.565406,0.142484,0.189525,0.239425
image_01512.jpg,train,CINEMATIC,0.336834,0.343674,0.365913,0.348807,0.366739,0.314801,0.314260,0.272580
image_01513.jpg,train,CINEMATIC,0.399856,0.279674,0.294764,0.324765,0.551098,0.425028,0.515551,0.243511
image_01515.jpg,test,CINEMATIC,0.381939,0.390687,0.354513,0.375713,0.347596,0.237035,0.346479,0.198770
image_01516.jpg,train,CINEMATIC,0.369807,0.352852,0.277398,0.333352,0.218991,0.361613,0.276605,0.236516
image_01517.jpg,train,EDM_CHILL,0.598044,0.619755,0.648400,0.622066,0.484643,0.144284,0.282415,0.174832
image_01518.jpg,train,EDM_CHILL,0.576572,0.556827,0.556102,0.563167,0.420945,0.191445,0.467371,0.228293
image_01519.jpg,test,HOUSE,0.593180,0.545204,0.441378,0.526587,0.291942,0.504800,0.864875,0.186429
image_01520.jpg,train,EDM_CHILL,0.602696,0.585100,0.564849,0.584215,0.227440,0.180193,0.281635,0.151836
image_01521.jpg,train,CINEMATIC,0.398331,0.330686,0.296193,0.341737,0.271582,0.343080,0.461580,0.256131
image_01522.jpg,train,CINEMATIC,0.536120,0.462883,0.390004,0.463002,0.208551,0.349020,0.584713,0.200334
image_01523.jpg,train,EDM_DROP,0.366652,0.255204,0.198147,0.273334,0.179087,0.547028,0.676194,0.313440
image_01524.jpg,train,EDM_DROP,0.165419,0.125797,0.099412,0.130209,0.123705,0.404487,0.149522,0.070348
image_01525.jpg,train,EDM_CHILL,0.595468,0.579639,0.582317,0.585808,0.523533,0.073758,0.141333,0.133433
image_01526.jpg,train,CINEMATIC,0.380688,0.380598,0.293283,0.351523,0.177783,0.332670,0.292909,0.209934
image_01527.jpg,train,CINEMATIC,0.549897,0.550230,0.506606,0.535578,0.288622,0.218063,0.301553,0.245905
image_01528.jpg,test,CINEMATIC,0.346586,0.421863,0.427385,0.398611,0.438750,0.304446,0.396856,0.248125
image_01529.jpg,train,CINEMATIC,0.464581,0.429161,0.340877,0.411540,0.131962,0.272195,0.223233,0.103932
image_01530.jpg,train,EDM_DROP,0.401946,0.392118,0.509314,0.434459,0.693353,0.327416,0.361187,0.309669
image_01531.jpg,train,CINEMATIC,0.372060,0.320965,0.257803,0.316942,0.102293,0.330195,0.224044,0.133703
image_01532.jpg,train,CINEMATIC,0.351805,0.331324,0.313281,0.332137,0.239264,0.265523,0.339141,0.201192
image_01533.jpg,test,CINEMATIC,0.507517,0.373702,0.222646,0.367955,0.201856,0.509892,0.752680,0.234394
image_01534.jpg,train,CINEMATIC,0.273326,0.348837,0.292295,0.304819,0.372387,0.388464,0.394780,0.177220
image_01535.jpg,train,CINEMATIC,0.460280,0.378618,0.330610,0.389836,0.174274,0.330016,0.545980,0.175246
image_01536.jpg,test,CINEMATIC,0.414165,0.426711,0.323423,0.388099,0.226112,0.349225,0.319054,0.242696
image_01537.jpg,train,EDM_DROP,0.234433,0.188167,0.192134,0.204911,0.312713,0.228160,0.280823,0.215116
image_01538.jpg,train,CINEMATIC,0.360819,0.359597,0.353541,0.357985,0.367062,0.330156,0.296619,0.295103
image_01539.jpg,train,HOUSE,0.693739,0.559017,0.521552,0.591436,0.347629,0.342463,0.918789,0.289225
image_01540.jpg,train,CINEMATIC,0.410005,0.410884,0.396588,0.405825,0.382782,0.299495,0.351459,0.289020
image_01541.jpg,train,HOUSE,0.549490,0.577999,0.544082,0.557190,0.257257,0.337463,0.663781,0.230039
image_01542.jpg,test,CINEMATIC,0.421788,0.366149,0.328961,0.372299,0.273467,0.402462,0.447877,0.267183
image_01543.jpg,train,CINEMATIC,0.490855,0.428841,0.407008,0.442235,0.346097,0.271208,0.515827,0.194469
image_01544.jpg,train,EDM_CHILL,0.739351,0.716047,0.641789,0.699062,0.248097,0.212089,0.417720,0.191921
image_01545.jpg,train,EDM_DROP,0.263313,0.348969,0.500906,0.371063,0.583683,0.582398,0.656668,0.228144
image_01546.jpg,test,CINEMATIC,0.398344,0.348833,0.294005,0.347061,0.296383,0.368823,0.457441,0.237458
image_01547.jpg,train,CINEMATIC,0.409433,0.370645,0.356639,0.378906,0.434048,0.284779,0.425195,0.230579
image_01548.jpg,test,EDM_CHILL,0.572460,0.609498,0.610913,0.597624,0.460675,0.168508,0.276409,0.194847
image_01549.jpg,train,HOUSE,0.290047,0.481378,0.596936,0.456120,0.459530,0.666036,1.000000,0.131151
image_01550.jpg,train,HOUSE,0.553525,0.426530,0.294075,0.424710,0.087163,0.507275,0.427407,0.198381
image_01551.jpg,train,CINEMATIC,0.507867,0.489511,0.465474,0.487617,0.316943,0.281487,0.420569,0.199509
image_01552.jpg,train,EDM_DROP,0.302928,0.252640,0.236178,0.263915,0.436907,0.287850,0.338141,0.286484
image_01553.jpg,train,EDM_DROP,0.356909,0.194485,0.054583,0.201992,0.157156,0.813543,0.679701,0.197278
image_01554.jpg,train,HOUSE,0.422738,0.408053,0.309610,0.380134,0.272187,0.463279,0.478448,0.264636
image_01555.jpg,train,CINEMATIC,0.362942,0.394591,0.349751,0.369095,0.387586,0.217755,0.247768,0.224107
image_01556.jpg,train,HOUSE,0.602290,0.462570,0.247951,0.437604,0.138008,0.601480,0.683484,0.168903
image_01557.jpg,train,CINEMATIC,0.360780,0.410724,0.352697,0.374734,0.415605,0.389002,0.412285,0.185811
image_01558.jpg,train,CINEMATIC,0.471337,0.444743,0.324937,0.413673,0.161926,0.371023,0.346207,0.191527
image_01559.jpg,train,EDM_CHILL,0.572531,0.560901,0.573653,0.569028,0.406556,0.170259,0.362402,0.214388
image_01560.jpg,test,EDM_CHILL,0.693734,0.696479,0.706810,0.699008,0.414216,0.073996,0.173005,0.096783
image_01561.jpg,train,CINEMATIC,0.445348,0.392857,0.330818,0.389674,0.191443,0.328335,0.400373,0.223751
image_01562.jpg,train,CINEMATIC,0.352375,0.365476,0.360665,0.359505,0.389125,0.140789,0.131682,0.228283
image_01563.jpg,train,EDM_DROP,0.336443,0.322458,0.199106,0.286003,0.196819,0.508931,0.588950,0.302956
image_01564.jpg,train,EDM_CHILL,0.643816,0.632335,0.618859,0.631670,0.230469,0.103862,0.141072,0.300452
image_01565.jpg,train,CINEMATIC,0.573621,0.494902,0.431207,0.499910,0.221386,0.287229,0.470915,0.206964
image_01566.jpg,test,EDM_CHILL,0.548568,0.576100,0.611007,0.578558,0.500077,0.172033,0.309789,0.217691
image_01567.jpg,train,HOUSE,0.481139,0.518857,0.342893,0.447629,0.308766,0.452736,0.539390,0.200852
image_01568.jpg,test,EDM_DROP,0.438084,0.349071,0.303326,0.363494,0.350243,0.461679,0.612754,0.267005
image_01569.jpg,train,CINEMATIC,0.392710,0.398398,0.293918,0.361676,0.281994,0.381901,0.422057,0.234426
image_01570.jpg,test,CINEMATIC,0.426593,0.421524,0.411870,0.419996,0.390423,0.239230,0.369275,0.297335
image_01571.jpg,train,CINEMATIC,0.432451,0.470648,0.513388,0.472162,0.503398,0.261294,0.338071,0.275476
image_01572.jpg,train,CINEMATIC,0.416070,0.403959,0.444739,0.421590,0.518360,0.366739,0.528970,0.254785
image_01573.jpg,test,EDM_DROP,0.328078,0.403779,0.445794,0.392551,0.430608,0.451692,0.738556,0.351835
image_01574.jpg,train,EDM_DROP,0.346580,0.344047,0.307982,0.332870,0.373208,0.450224,0.595705,0.258370
image_01575.jpg,train,CINEMATIC,0.504289,0.546598,0.493600,0.514829,0.320877,0.270072,0.381724,0.255827
image_01576.jpg,test,CINEMATIC,0.474983,0.496977,0.447749,0.473236,0.302412,0.287425,0.547675,0.163197
image_01577.jpg,test,EDM_DROP,0.424190,0.272842,0.242424,0.313152,0.295541,0.435669,0.926667,0.212295
image_01578.jpg,test,EDM_CHILL,0.545710,0.558140,0.584049,0.562633,0.542442,0.094062,0.170046,0.274428
image_01579.jpg,train,CINEMATIC,0.426362,0.460138,0.493288,0.459929,0.490495,0.266280,0.339096,0.221496
image_01580.jpg,test,HOUSE,0.507509,0.528507,0.551639,0.529218,0.338367,0.404282,0.792158,0.191999
image_01581.jpg,test,EDM_DROP,0.248424,0.219662,0.164488,0.210858,0.169159,0.399711,0.495803,0.292800
image_01582.jpg,train,CINEMATIC,0.452082,0.426508,0.349308,0.409299,0.216625,0.303597,0.420757,0.252397
image_01583.jpg,train,EDM_DROP,0.327880,0.201707,0.119723,0.216437,0.227754,0.501664,0.701252,0.234963
image_01584.jpg,train,CINEMATIC,0.449071,0.429334,0.249062,0.375822,0.170079,0.502158,0.537375,0.196265
image_01585.jpg,train,HOUSE,0.409771,0.538340,0.214621,0.387577,0.243178,0.623092,0.544479,0.128610
image_01586.jpg,train,EDM_DROP,0.263525,0.253559,0.226242,0.247775,0.250956,0.410051,0.354146,0.186381
image_01587.jpg,train,CINEMATIC,0.551971,0.506449,0.450954,0.503124,0.121591,0.182873,0.236062,0.237384
image_01588.jpg,train,CINEMATIC,0.342356,0.313834,0.360550,0.338914,0.628561,0.343658,0.367728,0.191336
image_01589.jpg,train,EDM_DROP,0.251958,0.220426,0.171775,0.214720,0.139150,0.349408,0.310731,0.206578
image_01590.jpg,train,CINEMATIC,0.433704,0.489429,0.323778,0.415637,0.219724,0.392026,0.345720,0.190912
image_01591.jpg,train,CINEMATIC,0.382609,0.396941,0.330560,0.370036,0.309438,0.387984,0.388465,0.356411
image_01592.jpg,train,CINEMATIC,0.516752,0.473571,0.451134,0.480485,0.325594,0.266177,0.406734,0.289463
image_01593.jpg,train,EDM_CHILL,0.546035,0.589840,0.681660,0.605845,0.602382,0.219762,0.265573,0.179431
image_01594.jpg,train,HOUSE,0.729845,0.667118,0.643185,0.680049,0.386693,0.253942,0.703629,0.288263
image_01595.jpg,train,CINEMATIC,0.562927,0.557600,0.453756,0.524761,0.213633,0.260104,0.404466,0.218189
image_01596.jpg,train,HOUSE,0.630719,0.730950,0.471027,0.610899,0.294775,0.357333,0.566893,0.284829
image_01597.jpg,train,CINEMATIC,0.480849,0.472685,0.483598,0.479044,0.452168,0.228011,0.367124,0.279205
image_01598.jpg,train,EDM_CHILL,0.560159,0.563954,0.573077,0.565730,0.437278,0.236374,0.320209,0.276840
image_01599.jpg,train,CINEMATIC,0.474141,0.472590,0.465098,0.470610,0.371345,0.337002,0.541892,0.269788
image_01600.jpg,train,EDM_DROP,0.105147,0.055538,0.029621,0.063436,0.120271,0.761803,0.405013,0.155272
image_01601.jpg,train,CINEMATIC,0.280126,0.367130,0.232845,0.293367,0.334105,0.447956,0.415042,0.168099
image_01602.jpg,train,EDM_DROP,0.295911,0.287664,0.280634,0.288070,0.316543,0.268187,0.415544,0.275084
image_01603.jpg,train,CINEMATIC,0.487698,0.517242,0.543125,0.516022,0.450702,0.154732,0.435240,0.271033
image_01604.jpg,train,CINEMATIC,0.483803,0.469736,0.453987,0.469175,0.299875,0.164124,0.266674,0.297161
image_01605.jpg,train,HOUSE,0.372968,0.474243,0.430892,0.426034,0.400597,0.509973,0.729234,0.178117
image_01606.jpg,train,CINEMATIC,0.312639,0.299412,0.239590,0.283880,0.277642,0.317255,0.405772,0.210917
image_01607.jpg,test,CINEMATIC,0.537521,0.428065,0.386894,0.450826,0.085307,0.321690,0.417531,0.175907
image_01608.jpg,train,CINEMATIC,0.380737,0.344103,0.098103,0.274314,0.143739,0.754784,0.345887,0.081379
image_01609.jpg,train,EDM_CHILL,0.692871,0.615543,0.608964,0.639126,0.440940,0.206126,0.580653,0.319829
image_01610.jpg,train,EDM_DROP,0.249768,0.259104,0.249009,0.252627,0.318950,0.268873,0.332611,0.189636
image_01611.jpg,train,CINEMATIC,0.550390,0.514637,0.438133,0.501053,0.288681,0.342023,0.507811,0.215042
image_01612.jpg,train,EDM_CHILL,0.646527,0.681607,0.721322,0.683152,0.338952,0.142614,0.408529,0.144414
image_01613.jpg,train,CINEMATIC,0.571455,0.504816,0.448835,0.508369,0.180497,0.288113,0.393543,0.306926
image_01614.jpg,train,CINEMATIC,0.324019,0.364049,0.416756,0.368274,0.591820,0.326962,0.255767,0.297610
image_01615.jpg,train,CINEMATIC,0.405719,0.404306,0.321087,0.377037,0.341469,0.345425,0.430715,0.227041
image_01616.jpg,train,EDM_DROP,0.432085,0.446066,0.502991,0.460381,0.612395,0.447803,0.540976,0.311297
image_01617.jpg,test,EDM_DROP,0.352960,0.265510,0.242270,0.286913,0.427758,0.537134,0.524321,0.220359
image_01618.jpg,test,CINEMATIC,0.408872,0.405131,0.427276,0.413760,0.447135,0.187479,0.278085,0.207847
image_01619.jpg,test,EDM_CHILL,0.486990,0.593681,0.619629,0.566766,0.449875,0.339483,0.536991,0.203363
image_01620.jpg,train,CINEMATIC,0.348883,0.520275,0.235203,0.368120,0.277178,0.576523,0.622870,0.157728
image_01621.jpg,train,CINEMATIC,0.446623,0.380165,0.366923,0.397904,0.386071,0.292666,0.380555,0.188044
image_01622.jpg,train,EDM_CHILL,0.790215,0.729018,0.738389,0.752541,0.555655,0.174788,0.564364,0.247120
image_01623.jpg,train,CINEMATIC,0.509672,0.446235,0.426771,0.460893,0.329879,0.283082,0.464585,0.193117
image_01624.jpg,train,EDM_CHILL,0.489661,0.530376,0.595454,0.538497,0.495689,0.252146,0.379613,0.290470
image_01625.jpg,train,HOUSE,0.556012,0.577411,0.331046,0.488157,0.194982,0.473909,0.605856,0.193582
image_01626.jpg,train,CINEMATIC,0.306491,0.311456,0.209325,0.275757,0.175786,0.401780,0.299619,0.157003
image_01627.jpg,train,CINEMATIC,0.309734,0.290555,0.228161,0.276150,0.175894,0.531612,0.451061,0.247703
image_01628.jpg,train,CINEMATIC,0.467833,0.460800,0.350398,0.426344,0.146534,0.374958,0.362122,0.181964
image_01629.jpg,train,EDM_DROP,0.105835,0.147862,0.146888,0.133529,0.388929,0.604281,0.264508,0.225749
image_01630.jpg,test,CINEMATIC,0.297459,0.272034,0.239127,0.269540,0.238638,0.293059,0.233072,0.162527
image_01631.jpg,train,CINEMATIC,0.439588,0.372445,0.254858,0.355630,0.136438,0.502834,0.395043,0.215273
image_01632.jpg,train,HOUSE,0.620489,0.543474,0.413217,0.525727,0.187444,0.367879,0.686635,0.277763
image_01633.jpg,train,EDM_CHILL,0.622928,0.690337,0.806595,0.706620,0.529893,0.281698,0.490796,0.208072
image_01634.jpg,test,CINEMATIC,0.407811,0.422566,0.410743,0.413707,0.339251,0.257654,0.413661,0.234517
image_01635.jpg,train,HOUSE,0.530755,0.405323,0.300281,0.412120,0.077500,0.461652,0.357386,0.161038
image_01636.jpg,train,EDM_CHILL,0.698034,0.637552,0.674030,0.669872,0.344006,0.243769,0.363336,0.304285
image_01637.jpg,test,CINEMATIC,0.339713,0.373380,0.220175,0.311090,0.219161,0.541104,0.481042,0.221086
image_01638.jpg,test,HOUSE,0.370963,0.451058,0.329243,0.383755,0.328985,0.572667,0.653039,0.234472
image_01639.jpg,train,EDM_DROP,0.321138,0.386869,0.447729,0.385245,0.458955,0.455172,0.602984,0.229219
image_01640.jpg,train,CINEMATIC,0.464299,0.515459,0.535630,0.505129,0.464911,0.211169,0.257917,0.203764
image_01641.jpg,train,HOUSE,0.441001,0.409649,0.456854,0.435835,0.321688,0.503875,0.789899,0.272814
image_01642.jpg,train,HOUSE,0.666117,0.629837,0.463968,0.586641,0.149942,0.375871,0.458711,0.233080
image_01643.jpg,train,CINEMATIC,0.432950,0.462075,0.452250,0.449092,0.423711,0.215758,0.386909,0.210230
image_01644.jpg,train,EDM_DROP,0.337794,0.283623,0.153139,0.258185,0.194415,0.691286,0.608540,0.291934
image_01645.jpg,train,HOUSE,0.420273,0.518163,0.197610,0.378682,0.260341,0.573702,0.675527,0.200828
image_01646.jpg,train,CINEMATIC,0.588225,0.534237,0.472927,0.531796,0.211795,0.260836,0.458803,0.280738
image_01647.jpg,train,CINEMATIC,0.435787,0.454944,0.357486,0.416073,0.301272,0.438282,0.535169,0.289348
image_01648.jpg,train,CINEMATIC,0.478507,0.414107,0.364266,0.418960,0.243071,0.355153,0.425332,0.242350
image_01649.jpg,test,CINEMATIC,0.433826,0.432618,0.453766,0.440070,0.566440,0.270253,0.574197,0.243399
image_01650.jpg,test,CINEMATIC,0.400923,0.379591,0.346784,0.375766,0.282021,0.343208,0.359621,0.285481
image_01651.jpg,test,CINEMATIC,0.370957,0.400758,0.341473,0.371063,0.362659,0.394400,0.449358,0.292187
image_01652.jpg,train,EDM_CHILL,0.728417,0.705972,0.674957,0.703115,0.176957,0.108340,0.294874,0.316975
image_01653.jpg,train,EDM_CHILL,0.704211,0.636577,0.571798,0.637528,0.087370,0.229172,0.329346,0.207974
image_01654.jpg,test,EDM_DROP,0.280049,0.190689,0.156649,0.209129,0.463599,0.597214,0.588401,0.212436
image_01655.jpg,test,EDM_CHILL,0.546324,0.635780,0.648808,0.610304,0.503546,0.200188,0.324863,0.085377
image_01656.jpg,test,CINEMATIC,0.329272,0.256799,0.256327,0.280799,0.372206,0.314376,0.358023,0.166682
image_01657.jpg,train,HOUSE,0.658864,0.518537,0.364133,0.513844,0.110005,0.453725,0.705263,0.235692
image_01658.jpg,train,CINEMATIC,0.523782,0.569228,0.355512,0.482841,0.217066,0.384515,0.509854,0.205750
image_01659.jpg,train,EDM_CHILL,0.488901,0.581916,0.650980,0.573932,0.516918,0.315812,0.463941,0.125926
image_01660.jpg,train,CINEMATIC,0.608277,0.511078,0.402079,0.507145,0.124554,0.380231,0.512077,0.212685
image_01661.jpg,train,CINEMATIC,0.401197,0.344423,0.304836,0.350152,0.204592,0.262288,0.491276,0.272292
image_01662.jpg,train,CINEMATIC,0.488536,0.427046,0.359214,0.424932,0.130254,0.292152,0.324823,0.230829
image_01663.jpg,train,CINEMATIC,0.526768,0.519252,0.518151,0.521390,0.422611,0.086921,0.137002,0.184220
image_01664.jpg,train,CINEMATIC,0.352298,0.394754,0.450776,0.399276,0.501258,0.280138,0.351948,0.254109
image_01665.jpg,train,CINEMATIC,0.358177,0.288842,0.274531,0.307184,0.409657,0.321920,0.315511,0.202362
image_01666.jpg,test,CINEMATIC,0.440188,0.480894,0.310643,0.410575,0.209736,0.382236,0.320521,0.117840
image_01667.jpg,test,CINEMATIC,0.536905,0.309073,0.322367,0.389448,0.518985,0.407133,0.747358,0.170352
image_01668.jpg,train,EDM_CHILL,0.697776,0.689484,0.682662,0.689974,0.397330,0.074191,0.178006,0.234294
image_01669.jpg,train,CINEMATIC,0.499349,0.492453,0.482198,0.491333,0.276958,0.161102,0.258819,0.228455
image_01670.jpg,train,HOUSE,0.556921,0.408150,0.338524,0.434532,0.104009,0.478440,0.533518,0.239008
image_01671.jpg,train,CINEMATIC,0.462162,0.484286,0.501932,0.482793,0.414360,0.321643,0.448257,0.288182
image_01672.jpg,test,CINEMATIC,0.409453,0.428204,0.460007,0.432555,0.425042,0.316820,0.435560,0.177050
image_01673.jpg,train,CINEMATIC,0.333232,0.313002,0.275810,0.307348,0.219550,0.232196,0.196082,0.271300
image_01674.jpg,train,CINEMATIC,0.448573,0.448202,0.384156,0.426977,0.350214,0.396096,0.561696,0.177583
image_01675.jpg,train,EDM_DROP,0.284360,0.250480,0.229873,0.254904,0.292176,0.276273,0.301614,0.167493
image_01676.jpg,test,EDM_DROP,0.162849,0.151483,0.147022,0.153785,0.248040,0.238031,0.245842,0.247989
image_01677.jpg,train,EDM_DROP,0.191570,0.205090,0.078188,0.158283,0.196546,0.712476,0.317752,0.157462
image_01678.jpg,train,EDM_CHILL,0.833615,0.838852,0.836313,0.836260,0.316236,0.159275,0.384072,0.168801
image_01679.jpg,test,EDM_CHILL,0.522493,0.565714,0.635681,0.574629,0.593938,0.257712,0.315147,0.279636
image_01680.jpg,train,CINEMATIC,0.538292,0.527852,0.549390,0.538512,0.382914,0.156516,0.188311,0.271725
image_01681.jpg,train,CINEMATIC,0.357977,0.364775,0.366883,0.363212,0.323204,0.212251,0.199777,0.213174
image_01682.jpg,train,CINEMATIC,0.504976,0.426893,0.376541,0.436136,0.232229,0.367987,0.464250,0.268178
image_01683.jpg,train,CINEMATIC,0.488698,0.441509,0.406106,0.445438,0.389031,0.398809,0.577268,0.266440
image_01684.jpg,train,EDM_CHILL,0.589896,0.608453,0.508997,0.569115,0.287019,0.272375,0.366289,0.259058
image_01685.jpg,train,CINEMATIC,0.543545,0.494185,0.466625,0.501452,0.152313,0.217387,0.255535,0.246028
image_01686.jpg,train,CINEMATIC,0.543793,0.521937,0.496326,0.520685,0.298639,0.195471,0.301990,0.241240
image_01687.jpg,train,CINEMATIC,0.390802,0.392535,0.371617,0.384985,0.336249,0.436683,0.646836,0.230296
image_01688.jpg,train,CINEMATIC,0.436303,0.395251,0.383112,0.404889,0.410540,0.295749,0.422290,0.297260
image_01689.jpg,train,HOUSE,0.389082,0.434263,0.315898,0.379748,0.315804,0.481124,0.542069,0.188876
image_01690.jpg,train,CINEMATIC,0.381659,0.360366,0.394877,0.378967,0.537402,0.258462,0.399704,0.209665
image_01691.jpg,train,EDM_DROP,0.324714,0.244216,0.221910,0.263613,0.209375,0.435642,0.839695,0.239317
image_01692.jpg,train,CINEMATIC,0.414184,0.332753,0.270048,0.338995,0.257577,0.364339,0.445267,0.299308
image_01693.jpg,train,CINEMATIC,0.486839,0.459798,0.316367,0.421002,0.210983,0.437155,0.477249,0.234105
image_01694.jpg,train,EDM_DROP,0.343523,0.457885,0.584795,0.462068,0.522030,0.621912,1.000000,0.253798
image_01695.jpg,train,EDM_CHILL,0.600950,0.615660,0.638825,0.618478,0.538196,0.128525,0.221792,0.299693
image_01696.jpg,train,CINEMATIC,0.277727,0.327256,0.240005,0.281663,0.271909,0.304014,0.268066,0.122861
image_01697.jpg,test,CINEMATIC,0.449131,0.383847,0.364805,0.399261,0.291659,0.336192,0.349146,0.303059
image_01699.jpg,train,CINEMATIC,0.544817,0.549491,0.522788,0.539032,0.316837,0.118702,0.242566,0.231490
image_01700.jpg,train,CINEMATIC,0.384724,0.362665,0.353353,0.366914,0.407731,0.143095,0.219059,0.262026
image_01701.jpg,train,CINEMATIC,0.559622,0.497481,0.440555,0.499219,0.164713,0.258603,0.409613,0.243476
image_01702.jpg,train,HOUSE,0.856897,0.755373,0.628017,0.746762,0.140622,0.286149,0.487146,0.190642
image_01703.jpg,train,EDM_CHILL,0.536949,0.660980,0.838989,0.678973,0.593372,0.388535,0.552876,0.214321
image_01704.jpg,train,CINEMATIC,0.396905,0.419122,0.466546,0.427524,0.385241,0.385862,0.592877,0.172526
image_01705.jpg,train,CINEMATIC,0.342037,0.328299,0.325039,0.331792,0.436347,0.316844,0.285261,0.293493
image_01706.jpg,train,EDM_CHILL,0.538052,0.610215,0.681340,0.609869,0.427288,0.329032,0.520016,0.293187
image_01707.jpg,train,HOUSE,0.470047,0.614142,0.371142,0.485111,0.304118,0.490512,0.728631,0.242381
image_01708.jpg,test,EDM_CHILL,0.562289,0.591747,0.593983,0.582673,0.366236,0.118387,0.196287,0.192040
image_01709.jpg,train,CINEMATIC,0.345197,0.355546,0.227072,0.309271,0.177960,0.395273,0.372644,0.224836
image_01710.jpg,train,CINEMATIC,0.495747,0.493952,0.511645,0.500448,0.478981,0.115464,0.153587,0.284784
image_01711.jpg,test,CINEMATIC,0.564699,0.487183,0.452859,0.501580,0.322739,0.277593,0.343154,0.289443
image_01712.jpg,train,EDM_CHILL,0.565404,0.583339,0.556146,0.568296,0.335061,0.139051,0.324086,0.247311
image_01713.jpg,train,CINEMATIC,0.349000,0.311063,0.286055,0.315372,0.285781,0.242146,0.280567,0.173336
image_01714.jpg,train,CINEMATIC,0.352654,0.362185,0.366231,0.360356,0.349481,0.157601,0.083135,0.192543
image_01715.jpg,train,CINEMATIC,0.433831,0.461912,0.505288,0.467010,0.514176,0.269718,0.343647,0.325820
image_01716.jpg,train,EDM_CHILL,0.623894,0.641050,0.670810,0.645251,0.462761,0.257449,0.491770,0.178694
image_01717.jpg,train,CINEMATIC,0.371747,0.410549,0.376153,0.386150,0.339742,0.265345,0.376704,0.171956
image_01718.jpg,train,EDM_DROP,0.246325,0.257392,0.402457,0.302058,0.658659,0.598958,0.648267,0.160294
image_01719.jpg,train,EDM_DROP,0.237721,0.223932,0.187150,0.216268,0.303710,0.352574,0.272706,0.212314
image_01720.jpg,train,CINEMATIC,0.572406,0.422552,0.399263,0.464741,0.287643,0.361510,0.624579,0.275543
image_01721.jpg,train,CINEMATIC,0.553341,0.532979,0.509540,0.531953,0.277597,0.143950,0.227114,0.269469
image_01722.jpg,train,HOUSE,0.518890,0.549103,0.312272,0.460088,0.236332,0.572134,0.853358,0.221796
image_01723.jpg,test,CINEMATIC,0.459808,0.507578,0.451205,0.472864,0.348378,0.270747,0.364544,0.272187
image_01724.jpg,train,CINEMATIC,0.376264,0.387041,0.366804,0.376703,0.366320,0.222041,0.326066,0.244475
image_01725.jpg,train,CINEMATIC,0.346964,0.405789,0.359101,0.370618,0.408556,0.364142,0.465325,0.184296
image_01726.jpg,train,EDM_CHILL,0.645321,0.653893,0.660596,0.653270,0.405525,0.175575,0.317193,0.223733
image_01727.jpg,train,CINEMATIC,0.413938,0.427380,0.369114,0.403477,0.280870,0.229102,0.294140,0.279670
image_01728.jpg,train,HOUSE,0.656366,0.473345,0.408010,0.512574,0.156742,0.407846,0.723076,0.227622
image_01729.jpg,train,CINEMATIC,0.467007,0.418722,0.317076,0.400935,0.128491,0.305936,0.302668,0.146175
image_01730.jpg,test,CINEMATIC,0.482996,0.485735,0.374922,0.447885,0.266838,0.344600,0.424743,0.216784
image_01731.jpg,train,CINEMATIC,0.340690,0.340450,0.310251,0.330464,0.379655,0.325967,0.377374,0.246630
image_01732.jpg,train,CINEMATIC,0.418363,0.468332,0.468811,0.451835,0.340733,0.321307,0.527954,0.293127
image_01733.jpg,train,EDM_CHILL,0.579578,0.574371,0.583808,0.579252,0.438260,0.112755,0.212793,0.220409
image_01734.jpg,train,CINEMATIC,0.431143,0.417585,0.411815,0.420181,0.382996,0.196576,0.253663,0.221764
image_01735.jpg,train,EDM_DROP,0.399896,0.281823,0.247222,0.309647,0.375889,0.592331,0.834107,0.271811
image_01736.jpg,train,EDM_DROP,0.456445,0.337369,0.155760,0.316525,0.110003,0.748447,0.586658,0.262515
image_01737.jpg,train,EDM_CHILL,0.717664,0.720080,0.753144,0.730296,0.566127,0.070823,0.131972,0.235628
image_01738.jpg,test,EDM_CHILL,0.546056,0.547856,0.549484,0.547799,0.450823,0.136948,0.230991,0.222641
image_01739.jpg,train,CINEMATIC,0.479440,0.426719,0.412738,0.439632,0.308005,0.245544,0.319388,0.229446
image_01740.jpg,train,EDM_CHILL,0.558309,0.581175,0.548424,0.562636,0.370207,0.250684,0.551752,0.286678
image_01741.jpg,train,EDM_DROP,0.356728,0.320913,0.329480,0.335707,0.357942,0.488036,0.501414,0.304145
image_01742.jpg,train,CINEMATIC,0.379125,0.553565,0.435289,0.455993,0.455297,0.417261,0.840667,0.203284
image_01743.jpg,train,CINEMATIC,0.474867,0.426877,0.442667,0.448137,0.589978,0.210911,0.323609,0.150210
image_01744.jpg,test,CINEMATIC,0.394073,0.464494,0.532269,0.463612,0.491023,0.330022,0.566490,0.227321
image_01745.jpg,train,CINEMATIC,0.561263,0.522891,0.445064,0.509739,0.285961,0.283580,0.502972,0.247264
image_01746.jpg,train,CINEMATIC,0.471154,0.483348,0.371541,0.442014,0.353853,0.342562,0.531824,0.288781
image_01747.jpg,train,CINEMATIC,0.392659,0.412907,0.416802,0.407456,0.424655,0.157786,0.210401,0.237154
image_01748.jpg,test,EDM_DROP,0.435931,0.271215,0.216348,0.307831,0.235503,0.668498,0.792445,0.288925
image_01749.jpg,train,CINEMATIC,0.410436,0.441149,0.439465,0.430350,0.441937,0.248376,0.236378,0.356339
image_01750.jpg,train,CINEMATIC,0.424641,0.466035,0.359761,0.416812,0.269143,0.310540,0.324839,0.283818
image_01751.jpg,train,EDM_DROP,0.269789,0.199482,0.155088,0.208120,0.300006,0.543848,0.494013,0.188521
image_01752.jpg,train,EDM_DROP,0.259695,0.275758,0.224976,0.253476,0.441805,0.299450,0.310956,0.184732
image_01753.jpg,train,HOUSE,0.445660,0.391365,0.334569,0.390531,0.174556,0.460549,0.530536,0.210449
image_01754.jpg,train,HOUSE,0.588670,0.573961,0.545327,0.569319,0.496065,0.384041,0.965418,0.226364
image_01755.jpg,train,EDM_CHILL,0.582371,0.612854,0.643846,0.613023,0.402242,0.283017,0.481795,0.188881
image_01756.jpg,train,CINEMATIC,0.501348,0.443941,0.336927,0.427405,0.186038,0.428542,0.491813,0.277439
image_01757.jpg,test,EDM_CHILL,0.537411,0.567592,0.610730,0.571911,0.528245,0.144651,0.186253,0.179404
image_01758.jpg,train,CINEMATIC,0.309160,0.323412,0.273517,0.302030,0.302662,0.301696,0.381812,0.221835
image_01759.jpg,train,EDM_CHILL,0.609187,0.621592,0.624037,0.618272,0.291659,0.261227,0.537098,0.194832
image_01760.jpg,train,EDM_CHILL,0.564458,0.600577,0.696338,0.620457,0.596820,0.218992,0.361282,0.199320
image_01761.jpg,test,EDM_DROP,0.334141,0.273274,0.193955,0.267123,0.138618,0.531917,0.320945,0.212939
image_01762.jpg,train,HOUSE,0.548624,0.388531,0.304212,0.413789,0.104607,0.483317,0.552285,0.207481
image_01763.jpg,test,CINEMATIC,0.452008,0.445729,0.404972,0.434236,0.235531,0.128833,0.151506,0.177268
image_01764.jpg,train,EDM_DROP,0.254104,0.251801,0.251806,0.252571,0.384447,0.188593,0.172690,0.201077
image_01765.jpg,train,CINEMATIC,0.424192,0.384191,0.287231,0.365205,0.206488,0.366268,0.405921,0.182787
image_01766.jpg,train,CINEMATIC,0.522290,0.554324,0.518196,0.531603,0.308698,0.251027,0.359024,0.293222
image_01767.jpg,train,EDM_CHILL,0.508455,0.533342,0.587722,0.543173,0.510654,0.232123,0.453868,0.268820
image_01768.jpg,train,CINEMATIC,0.437003,0.460635,0.479460,0.459033,0.485255,0.213493,0.298915,0.219585
image_01769.jpg,train,CINEMATIC,0.367909,0.281105,0.183128,0.277381,0.122898,0.552005,0.466300,0.200415
image_01770.jpg,test,CINEMATIC,0.431912,0.477704,0.471049,0.460222,0.432022,0.326306,0.341377,0.268401
image_01771.jpg,train,EDM_DROP,0.250860,0.232538,0.264287,0.249229,0.606691,0.236733,0.200995,0.199673
image_01772.jpg,train,CINEMATIC,0.470613,0.465636,0.466055,0.467434,0.359350,0.267655,0.360445,0.253875
image_01773.jpg,train,CINEMATIC,0.392928,0.426203,0.521312,0.446814,0.520962,0.267643,0.416568,0.171493
image_01774.jpg,train,CINEMATIC,0.264841,0.340440,0.231267,0.278849,0.323002,0.381960,0.310606,0.171297
image_01775.jpg,train,EDM_DROP,0.240162,0.264846,0.303901,0.269636,0.424535,0.237085,0.230310,0.214154
image_01776.jpg,train,CINEMATIC,0.515797,0.512202,0.458256,0.495418,0.299572,0.221466,0.329808,0.221336
image_01777.jpg,train,EDM_CHILL,0.569229,0.584517,0.642994,0.598913,0.622648,0.142318,0.206310,0.179522
image_01778.jpg,train,CINEMATIC,0.474411,0.404977,0.390951,0.423446,0.357987,0.285638,0.356137,0.239166
image_01779.jpg,train,CINEMATIC,0.439642,0.491552,0.362476,0.431223,0.240669,0.418037,0.465936,0.313725
image_01780.jpg,test,EDM_DROP,0.183082,0.271436,0.238030,0.230849,0.365893,0.599153,0.454290,0.169821
image_01781.jpg,test,CINEMATIC,0.473648,0.434203,0.337410,0.415087,0.293886,0.421318,0.584630,0.259224
image_01782.jpg,train,CINEMATIC,0.408382,0.434081,0.393332,0.411932,0.276862,0.274623,0.478859,0.291383
image_01783.jpg,train,CINEMATIC,0.501447,0.472484,0.398560,0.457497,0.288910,0.390624,0.591919,0.206148
image_01784.jpg,test,CINEMATIC,0.520794,0.505792,0.488010,0.504865,0.276682,0.201507,0.253309,0.312601
image_01785.jpg,train,CINEMATIC,0.285231,0.313697,0.312150,0.303692,0.433379,0.214569,0.257297,0.203448
image_01786.jpg,train,CINEMATIC,0.509219,0.487112,0.491672,0.496001,0.356697,0.284849,0.466959,0.239942
image_01787.jpg,test,CINEMATIC,0.528515,0.524982,0.529618,0.527705,0.303405,0.129804,0.156079,0.358037
image_01788.jpg,test,CINEMATIC,0.409629,0.377853,0.300860,0.362781,0.274999,0.431635,0.410144,0.253967
image_01789.jpg,test,CINEMATIC,0.389719,0.388550,0.355693,0.377987,0.263710,0.423482,0.520904,0.206647
image_01790.jpg,test,CINEMATIC,0.429742,0.435431,0.443237,0.436136,0.380596,0.226516,0.369836,0.258041
image_01791.jpg,train,CINEMATIC,0.475711,0.397714,0.316214,0.396546,0.144659,0.313290,0.579981,0.220422
image_01792.jpg,train,EDM_CHILL,0.564674,0.519660,0.531841,0.538725,0.620618,0.182573,0.290263,0.221783
image_01793.jpg,train,CINEMATIC,0.276340,0.354872,0.346700,0.325971,0.365229,0.369845,0.508843,0.173509
image_01794.jpg,train,CINEMATIC,0.352233,0.364319,0.300782,0.339111,0.301569,0.353879,0.299239,0.226668
image_01795.jpg,train,CINEMATIC,0.514393,0.507740,0.475308,0.499147,0.178902,0.093865,0.158194,0.126912
image_01796.jpg,train,HOUSE,0.526623,0.424162,0.384928,0.445238,0.250274,0.481029,0.888919,0.209144
image_01797.jpg,test,EDM_DROP,0.303542,0.254259,0.190762,0.249521,0.170106,0.550988,0.603129,0.266873
image_01798.jpg,train,CINEMATIC,0.456168,0.424940,0.369094,0.416734,0.184360,0.278686,0.442781,0.259238
image_01799.jpg,test,CINEMATIC,0.450027,0.433710,0.400794,0.428177,0.239137,0.143120,0.239123,0.141531
image_01800.jpg,train,CINEMATIC,0.421287,0.487720,0.561472,0.490160,0.486198,0.320091,0.405117,0.199691
image_01801.jpg,test,HOUSE,0.428947,0.479083,0.298606,0.402212,0.225552,0.477170,0.428642,0.280315
image_01802.jpg,train,HOUSE,0.591948,0.607373,0.427970,0.542430,0.286426,0.395602,0.638542,0.286995
image_01803.jpg,train,EDM_CHILL,0.674189,0.650608,0.624694,0.649830,0.359097,0.167299,0.368741,0.273321
image_01804.jpg,train,HOUSE,0.421082,0.615723,0.289172,0.441992,0.255456,0.530069,0.553408,0.128396
image_01805.jpg,train,CINEMATIC,0.522319,0.534048,0.413269,0.489879,0.308278,0.234195,0.427247,0.257347
image_01806.jpg,train,EDM_CHILL,0.563827,0.532972,0.596782,0.564527,0.563911,0.209659,0.435033,0.212574
image_01807.jpg,train,EDM_CHILL,0.582631,0.604227,0.605990,0.597616,0.398787,0.099517,0.153272,0.242771
image_01808.jpg,train,CINEMATIC,0.408735,0.416340,0.418744,0.414606,0.308025,0.251711,0.314846,0.266427
image_01809.jpg,train,EDM_CHILL,0.612324,0.607566,0.604465,0.608118,0.275235,0.068776,0.176735,0.254883
image_01810.jpg,train,HOUSE,0.493518,0.425097,0.438301,0.452305,0.489220,0.280264,0.436966,0.275493
image_01811.jpg,train,CINEMATIC,0.430407,0.482277,0.517357,0.476681,0.466977,0.193809,0.556122,0.288883
image_01812.jpg,train,CINEMATIC,0.371082,0.403894,0.384079,0.386352,0.397698,0.246089,0.242954,0.261151
image_01813.jpg,train,HOUSE,0.453446,0.350060,0.277351,0.360285,0.187032,0.556470,0.561708,0.239899
image_01814.jpg,train,CINEMATIC,0.257944,0.291290,0.361849,0.303694,0.552248,0.419371,0.367025,0.170256
image_01815.jpg,train,EDM_DROP,0.227631,0.186753,0.163159,0.192514,0.215489,0.533401,0.269095,0.213593
image_01816.jpg,train,CINEMATIC,0.341464,0.292991,0.250513,0.294989,0.271105,0.364616,0.355055,0.207430
image_01817.jpg,test,EDM_CHILL,0.655303,0.699318,0.741756,0.698792,0.529664,0.163658,0.252301,0.220991
image_01818.jpg,train,EDM_DROP,0.279151,0.291824,0.266514,0.279163,0.298697,0.391781,0.381754,0.283917
image_01819.jpg,train,CINEMATIC,0.318666,0.299951,0.289327,0.302648,0.342728,0.183080,0.157046,0.162916
image_01820.jpg,test,CINEMATIC,0.472590,0.467768,0.444459,0.461606,0.331772,0.158669,0.291106,0.204800
image_01821.jpg,train,CINEMATIC,0.477201,0.440083,0.382392,0.433226,0.304694,0.267096,0.365998,0.227392
image_01822.jpg,test,HOUSE,0.537226,0.516496,0.527133,0.526952,0.384825,0.315188,0.442039,0.225541
image_01823.jpg,train,EDM_CHILL,0.631421,0.684647,0.713724,0.676597,0.462868,0.198569,0.379260,0.225132
image_01824.jpg,train,EDM_CHILL,0.853596,0.849582,0.833317,0.845499,0.300246,0.069953,0.231999,0.112009
image_01825.jpg,train,CINEMATIC,0.435785,0.457468,0.459510,0.450921,0.295697,0.243570,0.495770,0.258501
image_01826.jpg,train,EDM_DROP,0.272395,0.238466,0.207582,0.239481,0.562256,0.407107,0.375361,0.162683
image_01827.jpg,train,CINEMATIC,0.512762,0.503048,0.516253,0.510688,0.425283,0.268986,0.390177,0.272334
image_01828.jpg,train,HOUSE,0.388497,0.394774,0.381949,0.388407,0.400823,0.371885,0.594765,0.238765
image_01829.jpg,train,EDM_DROP,0.233337,0.236192,0.237922,0.235817,0.253737,0.430266,0.482745,0.168307
image_01830.jpg,train,EDM_CHILL,0.682941,0.700355,0.689021,0.690773,0.336855,0.186466,0.336484,0.187570
image_01831.jpg,test,HOUSE,0.513028,0.554103,0.409974,0.492368,0.329565,0.384302,0.557082,0.241676
image_01832.jpg,train,EDM_DROP,0.311166,0.313752,0.280380,0.301766,0.369414,0.433132,0.463862,0.282540
image_01833.jpg,train,HOUSE,0.301623,0.428278,0.591622,0.440508,0.436460,0.539552,1.000000,0.188941
image_01834.jpg,train,EDM_DROP,0.403577,0.386333,0.450726,0.413545,0.590003,0.424705,0.472579,0.317715
image_01835.jpg,train,HOUSE,0.425858,0.436238,0.418687,0.426928,0.369384,0.367385,0.552747,0.319954
image_01836.jpg,train,CINEMATIC,0.401175,0.346000,0.288464,0.345213,0.128056,0.293807,0.309894,0.192323
image_01837.jpg,train,EDM_DROP,0.302881,0.210313,0.116332,0.209842,0.080738,0.733220,0.355342,0.202047
image_01838.jpg,test,HOUSE,0.423141,0.508867,0.325255,0.419088,0.303697,0.393598,0.542592,0.229730
image_01839.jpg,train,CINEMATIC,0.521125,0.417932,0.381359,0.440139,0.115038,0.330216,0.347998,0.214559
image_01840.jpg,train,EDM_DROP,0.274938,0.215378,0.173946,0.221421,0.171194,0.635834,0.511546,0.268112
image_01841.jpg,train,HOUSE,0.580727,0.488344,0.484910,0.517994,0.333772,0.279001,0.428534,0.254127
image_01842.jpg,train,HOUSE,0.868533,0.782408,0.668430,0.773124,0.144753,0.289555,0.676129,0.188698
image_01843.jpg,train,CINEMATIC,0.359898,0.373711,0.317375,0.350328,0.304962,0.288063,0.290582,0.275322
image_01844.jpg,train,CINEMATIC,0.369148,0.305090,0.307507,0.327248,0.402186,0.457851,0.427740,0.216896
image_01845.jpg,train,EDM_CHILL,0.477573,0.527326,0.554939,0.519946,0.467728,0.258116,0.474318,0.256297
image_01846.jpg,train,HOUSE,0.411595,0.404605,0.253436,0.356545,0.221368,0.454366,0.570857,0.292116
image_01847.jpg,test,EDM_CHILL,0.579051,0.591104,0.521277,0.563811,0.297684,0.260692,0.461334,0.257970
image_01848.jpg,test,CINEMATIC,0.465410,0.420361,0.387884,0.424551,0.194875,0.215174,0.353251,0.314338
image_01849.jpg,train,HOUSE,0.399977,0.365423,0.243512,0.336304,0.235649,0.514195,0.652320,0.213505
image_01850.jpg,test,EDM_DROP,0.308991,0.273055,0.277831,0.286626,0.468849,0.315563,0.415126,0.254441
image_01851.jpg,train,CINEMATIC,0.397731,0.339497,0.322146,0.353125,0.293992,0.331143,0.509317,0.247515
image_01852.jpg,train,EDM_DROP,0.190442,0.186996,0.185519,0.187652,0.137339,0.032945,0.157999,0.288466
image_01853.jpg,train,CINEMATIC,0.352227,0.313918,0.273389,0.313178,0.195740,0.305164,0.265403,0.167557
image_01854.jpg,test,CINEMATIC,0.521250,0.468184,0.439177,0.476204,0.352460,0.313056,0.369746,0.249357
image_01855.jpg,train,EDM_CHILL,0.345516,0.471968,0.488530,0.435338,0.525038,0.369721,0.482035,0.159045
image_01856.jpg,train,HOUSE,0.558219,0.447083,0.379079,0.461461,0.197074,0.348494,0.669750,0.339473
image_01857.jpg,train,CINEMATIC,0.492211,0.469072,0.476254,0.479179,0.517375,0.207069,0.340368,0.226690
image_01858.jpg,test,CINEMATIC,0.508283,0.487754,0.470534,0.488857,0.376975,0.135297,0.187609,0.227868
image_01859.jpg,train,HOUSE,0.452875,0.499832,0.494166,0.482291,0.420692,0.304160,0.384528,0.331065
image_01860.jpg,train,CINEMATIC,0.486226,0.482567,0.481892,0.483562,0.341385,0.154737,0.178085,0.259538
image_01861.jpg,train,CINEMATIC,0.550556,0.527838,0.487457,0.521950,0.158995,0.190664,0.188573,0.236868
image_01862.jpg,train,HOUSE,0.401785,0.490693,0.266243,0.386241,0.243323,0.467087,0.398044,0.138535
image_01863.jpg,train,HOUSE,0.399609,0.447908,0.278845,0.375454,0.298735,0.448659,0.533185,0.227848
image_01864.jpg,train,HOUSE,0.299270,0.512591,0.662270,0.491377,0.457782,0.610041,1.000000,0.187029
image_01865.jpg,train,CINEMATIC,0.535686,0.492849,0.540546,0.523027,0.520127,0.255978,0.400449,0.282412
image_01866.jpg,train,CINEMATIC,0.553474,0.507466,0.489561,0.516834,0.299947,0.201712,0.345184,0.270606
image_01867.jpg,test,CINEMATIC,0.282764,0.289429,0.259966,0.277387,0.389180,0.300861,0.359845,0.219258
image_01868.jpg,train,CINEMATIC,0.423087,0.373433,0.330743,0.375754,0.170577,0.351434,0.377096,0.283515
image_01869.jpg,test,CINEMATIC,0.333350,0.409776,0.373355,0.372160,0.396839,0.347458,0.256371,0.243182
image_01870.jpg,train,CINEMATIC,0.521342,0.467476,0.392260,0.460360,0.187625,0.282264,0.335247,0.276913
image_01871.jpg,train,CINEMATIC,0.511512,0.467843,0.425213,0.468189,0.180664,0.180828,0.331002,0.154813
image_01872.jpg,train,EDM_DROP,0.319710,0.254366,0.227269,0.267115,0.248631,0.280696,0.465778,0.244769
image_01873.jpg,test,CINEMATIC,0.415762,0.433558,0.459108,0.436143,0.472180,0.290113,0.282129,0.298985
image_01874.jpg,train,CINEMATIC,0.520912,0.472672,0.462417,0.485334,0.309911,0.212049,0.396104,0.262154
image_01875.jpg,train,HOUSE,0.541075,0.370173,0.440020,0.450423,0.621535,0.467731,1.000000,0.231230
image_01876.jpg,train,CINEMATIC,0.490594,0.485927,0.514037,0.496853,0.597535,0.132840,0.203863,0.202483
image_01877.jpg,train,HOUSE,0.518664,0.433755,0.371023,0.441147,0.174119,0.357951,0.402122,0.250428
image_01878.jpg,train,HOUSE,0.447066,0.413364,0.307341,0.389257,0.234923,0.352430,0.465725,0.218246
image_01879.jpg,train,CINEMATIC,0.350213,0.293155,0.232570,0.291979,0.123737,0.426785,0.254877,0.210470
image_01880.jpg,train,HOUSE,0.562910,0.519191,0.452727,0.511609,0.318123,0.298945,0.574753,0.171792
image_01881.jpg,train,HOUSE,0.531292,0.595357,0.385758,0.504136,0.260076,0.382584,0.472435,0.278637
image_01882.jpg,train,HOUSE,0.432970,0.462004,0.409916,0.434963,0.368103,0.417804,0.716872,0.269275
image_01883.jpg,test,EDM_CHILL,0.554766,0.549982,0.577386,0.560711,0.508020,0.213255,0.387882,0.156184
image_01884.jpg,train,EDM_CHILL,0.336921,0.476851,0.591442,0.468405,0.585293,0.383025,0.605406,0.198533
image_01885.jpg,test,EDM_CHILL,0.447492,0.567680,0.647410,0.554194,0.514161,0.393814,0.539860,0.167080
image_01886.jpg,test,HOUSE,0.423143,0.415221,0.330327,0.389564,0.239541,0.354184,0.354584,0.208542
image_01887.jpg,test,HOUSE,0.436544,0.388359,0.294963,0.373289,0.187018,0.430532,0.572415,0.225566
image_01888.jpg,test,EDM_CHILL,0.696305,0.672188,0.673528,0.680674,0.312116,0.174920,0.450445,0.285323
image_01889.jpg,train,HOUSE,0.396456,0.518510,0.344902,0.419956,0.293089,0.384983,0.392486,0.163064
image_01890.jpg,test,HOUSE,0.312798,0.382450,0.373548,0.356265,0.447760,0.385853,0.477340,0.266844
image_01891.jpg,test,HOUSE,0.516932,0.520262,0.374113,0.470436,0.209672,0.337746,0.399337,0.192647
image_01892.jpg,test,CINEMATIC,0.258493,0.246416,0.243607,0.249505,0.486250,0.215336,0.143475,0.147883
image_01893.jpg,train,EDM_CHILL,0.734340,0.716104,0.665025,0.705157,0.294706,0.248866,0.522930,0.211002
image_01894.jpg,train,EDM_DROP,0.367780,0.360124,0.270418,0.332774,0.262475,0.388737,0.424005,0.270994
image_01895.jpg,train,EDM_CHILL,0.667145,0.665763,0.665966,0.666291,0.460150,0.048342,0.107991,0.134977
image_01896.jpg,train,HOUSE,0.587201,0.466483,0.420691,0.491458,0.332890,0.387506,0.605643,0.293598
image_01897.jpg,train,EDM_DROP,0.398709,0.164530,0.105955,0.223065,0.158551,0.806406,0.636172,0.202100
image_01898.jpg,train,CINEMATIC,0.539863,0.463927,0.389011,0.464267,0.114584,0.278567,0.329978,0.236205
image_01900.jpg,train,EDM_DROP,0.402289,0.220994,0.219065,0.280783,0.431728,0.458128,0.828926,0.232339
image_01901.jpg,train,CINEMATIC,0.470605,0.458366,0.404121,0.444364,0.264452,0.243335,0.351431,0.207191
image_01902.jpg,test,HOUSE,0.538905,0.453347,0.249038,0.413763,0.124878,0.615462,0.549530,0.228159
image_01903.jpg,train,HOUSE,0.480836,0.509492,0.461414,0.483914,0.409449,0.204960,0.340259,0.199451
image_01904.jpg,train,HOUSE,0.452725,0.273595,0.189403,0.305241,0.198982,0.545604,0.924363,0.234175
image_01905.jpg,test,HOUSE,0.449339,0.441703,0.375890,0.422310,0.288432,0.326059,0.458537,0.258312
image_01906.jpg,test,HOUSE,0.519244,0.518179,0.600326,0.545916,0.542906,0.408370,0.976417,0.153029
image_01907.jpg,train,CINEMATIC,0.380993,0.407533,0.419344,0.402623,0.379307,0.221346,0.291684,0.127966
image_01908.jpg,train,CINEMATIC,0.397231,0.323962,0.208608,0.309934,0.116925,0.488485,0.434130,0.149887
image_01909.jpg,test,EDM_DROP,0.360084,0.327129,0.329785,0.338999,0.398642,0.230025,0.337186,0.219546
image_01910.jpg,train,EDM_DROP,0.363275,0.318368,0.300097,0.327247,0.371064,0.321804,0.522674,0.293667
image_01911.jpg,train,CINEMATIC,0.358108,0.325104,0.321182,0.334798,0.365071,0.246133,0.291637,0.245237
image_01912.jpg,train,HOUSE,0.491146,0.436955,0.307829,0.411977,0.227434,0.450761,0.563210,0.151371
image_01913.jpg,train,CINEMATIC,0.298127,0.313565,0.294552,0.302081,0.392654,0.269711,0.240363,0.125837
image_01914.jpg,train,HOUSE,0.536355,0.551175,0.493745,0.527092,0.304243,0.332672,0.574979,0.272706
image_01915.jpg,train,HOUSE,0.406021,0.484886,0.314379,0.401762,0.308076,0.384172,0.531713,0.260793
image_01916.jpg,train,CINEMATIC,0.437339,0.450518,0.478629,0.455495,0.541694,0.127645,0.172962,0.224167
image_01917.jpg,train,EDM_CHILL,0.685079,0.678507,0.681137,0.681574,0.474023,0.084254,0.186481,0.383530
image_01918.jpg,test,CINEMATIC,0.490842,0.473031,0.446173,0.470015,0.192437,0.159311,0.192554,0.142098
image_01919.jpg,train,EDM_CHILL,0.434050,0.524050,0.531827,0.496642,0.406450,0.415822,0.408382,0.311193
image_01920.jpg,train,EDM_DROP,0.078505,0.081246,0.071195,0.076982,0.286519,0.306532,0.233153,0.154722
image_01921.jpg,train,HOUSE,0.475601,0.407405,0.380780,0.421262,0.195916,0.364196,0.461406,0.330711
image_01922.jpg,train,EDM_DROP,0.354249,0.247209,0.234631,0.278696,0.540284,0.387833,0.644570,0.180891
image_01923.jpg,test,CINEMATIC,0.250178,0.238261,0.239416,0.242618,0.450962,0.275301,0.235454,0.122058
image_01924.jpg,train,EDM_CHILL,0.570923,0.633056,0.725981,0.643320,0.536736,0.348260,0.684571,0.162917
image_01925.jpg,train,CINEMATIC,0.357181,0.383743,0.332011,0.357645,0.365339,0.439917,0.450440,0.241242
image_01926.jpg,train,EDM_CHILL,0.631420,0.599893,0.498960,0.576758,0.117016,0.249136,0.349215,0.244022
image_01927.jpg,train,HOUSE,0.439485,0.489920,0.498728,0.476044,0.547088,0.444775,0.543633,0.304012
image_01928.jpg,train,EDM_DROP,0.088624,0.064603,0.104061,0.085763,0.316375,0.894174,0.554015,0.130967
image_01929.jpg,train,EDM_CHILL,0.614679,0.608853,0.604557,0.609363,0.389354,0.158389,0.307524,0.309432
image_01930.jpg,test,CINEMATIC,0.485576,0.455195,0.430883,0.457218,0.378823,0.293280,0.425499,0.228572
image_01931.jpg,train,EDM_DROP,0.334836,0.285860,0.258173,0.292956,0.273782,0.391593,0.351237,0.291319
image_01932.jpg,test,CINEMATIC,0.313245,0.296295,0.328610,0.312717,0.457659,0.410925,0.601247,0.269297
image_01933.jpg,train,CINEMATIC,0.428974,0.396912,0.356487,0.394124,0.365820,0.294246,0.592093,0.324725
image_01934.jpg,train,EDM_DROP,0.448529,0.233111,0.183134,0.288258,0.101182,0.549249,0.928025,0.253327
image_01935.jpg,train,HOUSE,0.551898,0.545380,0.518830,0.538703,0.360496,0.610479,1.000000,0.179278
image_01936.jpg,train,CINEMATIC,0.297000,0.310377,0.348055,0.318478,0.381719,0.292096,0.401667,0.145813
image_01937.jpg,train,EDM_DROP,0.151791,0.176672,0.244627,0.191030,0.327964,0.490395,0.711175,0.170035
image_01938.jpg,train,CINEMATIC,0.304140,0.294674,0.220667,0.273160,0.251005,0.377719,0.387779,0.143762
image_01939.jpg,train,EDM_CHILL,0.503106,0.528326,0.574579,0.535337,0.404781,0.332463,0.553597,0.164853
image_01940.jpg,train,CINEMATIC,0.345442,0.360025,0.275913,0.327126,0.259999,0.254730,0.319283,0.205621
image_01941.jpg,test,EDM_CHILL,0.433089,0.456438,0.513103,0.467543,0.513029,0.267853,0.361970,0.182447
image_01942.jpg,train,EDM_CHILL,0.473421,0.480447,0.507071,0.486980,0.419343,0.411148,0.702332,0.240529
image_01943.jpg,test,HOUSE,0.332538,0.338719,0.315152,0.328803,0.342257,0.455831,0.501662,0.233294
image_01944.jpg,train,HOUSE,0.540086,0.372416,0.355812,0.422771,0.471097,0.367579,0.948744,0.148671
image_01945.jpg,train,HOUSE,0.530785,0.380871,0.235272,0.382309,0.167354,0.593185,0.792581,0.234613
image_01946.jpg,train,CINEMATIC,0.498347,0.485313,0.506867,0.496842,0.222931,0.208271,0.349596,0.331437
image_01947.jpg,train,EDM_CHILL,0.719265,0.695439,0.671498,0.695401,0.264000,0.127680,0.315616,0.254537
image_01948.jpg,train,EDM_CHILL,0.681980,0.686107,0.689855,0.685981,0.436304,0.102684,0.146512,0.246363
image_01949.jpg,train,CINEMATIC,0.522427,0.535111,0.406069,0.487869,0.179422,0.290971,0.265134,0.192212
image_01950.jpg,train,HOUSE,0.417765,0.529718,0.253532,0.400338,0.257833,0.520162,0.587337,0.196271
image_01951.jpg,test,HOUSE,0.432313,0.394129,0.293370,0.373271,0.305878,0.527844,0.623395,0.225256
image_01952.jpg,test,CINEMATIC,0.539740,0.529709,0.534034,0.534494,0.477863,0.091292,0.142546,0.270147
image_01953.jpg,train,CINEMATIC,0.301625,0.397040,0.387159,0.361941,0.474276,0.340949,0.250775,0.197562
image_01954.jpg,train,HOUSE,0.359012,0.300784,0.278447,0.312747,0.372492,0.407967,0.470510,0.250469
image_01955.jpg,train,EDM_DROP,0.282557,0.318101,0.310760,0.303806,0.355578,0.496435,0.395428,0.251245
image_01956.jpg,train,CINEMATIC,0.435419,0.418289,0.390742,0.414816,0.414260,0.179986,0.292170,0.197460
image_01957.jpg,test,EDM_CHILL,0.526644,0.558847,0.582397,0.555963,0.389565,0.148464,0.343919,0.215954
image_01958.jpg,train,HOUSE,0.528900,0.460154,0.375264,0.454772,0.244404,0.366079,0.559527,0.192704
image_01959.jpg,train,CINEMATIC,0.532130,0.512934,0.491036,0.512033,0.328220,0.259092,0.414096,0.186029
image_01960.jpg,train,CINEMATIC,0.354285,0.438431,0.377640,0.390119,0.350392,0.308468,0.506683,0.209088
image_01961.jpg,train,CINEMATIC,0.306840,0.307039,0.264892,0.292923,0.405511,0.299430,0.423484,0.214297
image_01962.jpg,test,EDM_DROP,0.167286,0.219253,0.318578,0.235039,0.539950,0.415800,0.457710,0.161681
image_01963.jpg,test,EDM_CHILL,0.763775,0.612951,0.530757,0.635828,0.106063,0.339209,0.436728,0.244495
image_01964.jpg,train,HOUSE,0.683010,0.469016,0.457160,0.536395,0.432766,0.386410,0.744447,0.247220
image_01965.jpg,test,HOUSE,0.519233,0.425938,0.311420,0.418863,0.176719,0.429331,0.576697,0.234275
image_01966.jpg,train,EDM_DROP,0.387730,0.357232,0.339362,0.361441,0.259446,0.487995,0.444691,0.357103
image_01967.jpg,train,CINEMATIC,0.506015,0.507899,0.478203,0.497372,0.448608,0.194123,0.259956,0.239481
image_01968.jpg,train,HOUSE,0.469219,0.614274,0.360911,0.481468,0.263609,0.449262,0.599649,0.210615
image_01969.jpg,train,EDM_DROP,0.166327,0.157975,0.162826,0.162376,0.255322,0.210996,0.188012,0.216755
image_01970.jpg,train,HOUSE,0.576655,0.523608,0.318552,0.472938,0.147039,0.439437,0.546472,0.211087
image_01971.jpg,train,CINEMATIC,0.447033,0.445689,0.409976,0.434233,0.266584,0.281100,0.306307,0.363867
image_01972.jpg,train,HOUSE,0.448707,0.492146,0.464759,0.468537,0.361451,0.502063,0.813708,0.224422
image_01973.jpg,train,HOUSE,0.437926,0.494386,0.407992,0.446768,0.269100,0.605780,0.941659,0.189586
image_01974.jpg,train,EDM_CHILL,0.638973,0.698161,0.733884,0.690339,0.441346,0.230205,0.378299,0.232316
image_01975.jpg,train,CINEMATIC,0.582024,0.486494,0.449317,0.505945,0.263843,0.293922,0.537917,0.333176
image_01976.jpg,train,CINEMATIC,0.554630,0.502442,0.469356,0.508809,0.284119,0.184895,0.327438,0.298538
image_01977.jpg,test,CINEMATIC,0.490203,0.519278,0.433788,0.481089,0.311500,0.348446,0.351156,0.275315
image_01978.jpg,train,EDM_DROP,0.370364,0.312612,0.312445,0.331807,0.446751,0.365109,0.497013,0.265937
image_01980.jpg,train,HOUSE,0.293289,0.390034,0.549403,0.410909,0.557890,0.447627,0.707282,0.177512
image_01981.jpg,test,EDM_CHILL,0.607880,0.653591,0.654223,0.638565,0.362723,0.238800,0.469582,0.169539
image_01982.jpg,train,EDM_DROP,0.324155,0.237417,0.253570,0.271714,0.380977,0.455703,0.616651,0.283872
image_01983.jpg,train,CINEMATIC,0.365916,0.348869,0.268051,0.327612,0.215451,0.355351,0.287318,0.184497
image_01984.jpg,train,HOUSE,0.487845,0.450015,0.275353,0.404404,0.149242,0.528963,0.432668,0.205585
image_01985.jpg,train,CINEMATIC,0.368247,0.393830,0.360166,0.374081,0.361282,0.234850,0.293110,0.261208
image_01986.jpg,test,HOUSE,0.384634,0.389289,0.272493,0.348805,0.282200,0.463950,0.502879,0.160742
image_01987.jpg,test,EDM_CHILL,0.708769,0.659126,0.606835,0.658243,0.218301,0.305757,0.587713,0.125692
image_01988.jpg,train,HOUSE,0.576712,0.581331,0.593705,0.583916,0.338160,0.261800,0.525414,0.236835
image_01989.jpg,train,HOUSE,0.426571,0.406576,0.340559,0.391235,0.256196,0.373349,0.495022,0.207073
image_01990.jpg,train,EDM_DROP,0.446219,0.314979,0.313519,0.358239,0.523398,0.421063,0.741859,0.327685
image_01991.jpg,train,HOUSE,0.490325,0.543165,0.415572,0.483021,0.330866,0.391059,0.470808,0.209030
image_01992.jpg,train,CINEMATIC,0.407705,0.356673,0.307650,0.357343,0.225296,0.342297,0.444068,0.272350
image_01993.jpg,train,HOUSE,0.388360,0.413605,0.343756,0.381907,0.352468,0.278524,0.343795,0.131408
image_01994.jpg,train,CINEMATIC,0.485825,0.485522,0.458795,0.476714,0.277283,0.105753,0.202878,0.163577
image_01995.jpg,train,HOUSE,0.567724,0.483128,0.366000,0.472284,0.418425,0.399310,1.000000,0.248982
image_01996.jpg,train,EDM_CHILL,0.298729,0.433510,0.481156,0.404465,0.476561,0.468260,0.507734,0.221157
image_01997.jpg,train,HOUSE,0.370576,0.417718,0.208374,0.332223,0.215215,0.509679,0.374858,0.150929
image_01998.jpg,test,HOUSE,0.335844,0.290088,0.267956,0.297962,0.260317,0.393039,0.442648,0.242903
image_01999.jpg,test,EDM_DROP,0.180150,0.198248,0.141091,0.173163,0.277817,0.573779,0.281034,0.214864
image_02000.jpg,train,HOUSE,0.459570,0.437991,0.383767,0.427110,0.371824,0.444910,0.814956,0.227853
image_02001.jpg,test,CINEMATIC,0.385700,0.396765,0.390411,0.390959,0.401560,0.167951,0.193149,0.262446
image_02002.jpg,test,CINEMATIC,0.250142,0.219555,0.158394,0.209364,0.365766,0.385811,0.416668,0.172895
image_02003.jpg,test,CINEMATIC,0.412465,0.396737,0.354886,0.388029,0.297440,0.320765,0.323158,0.302817
image_02004.jpg,test,CINEMATIC,0.474507,0.411205,0.360627,0.415446,0.131081,0.265824,0.396666,0.320877
image_02005.jpg,train,CINEMATIC,0.512143,0.480522,0.423757,0.472141,0.176360,0.224747,0.286299,0.187250
image_02006.jpg,train,HOUSE,0.325435,0.336856,0.240610,0.300967,0.262010,0.470995,0.491511,0.237790
image_02007.jpg,train,EDM_CHILL,0.853221,0.819950,0.772190,0.815120,0.182008,0.122673,0.394303,0.183058
image_02008.jpg,test,HOUSE,0.541756,0.478339,0.473139,0.497745,0.347276,0.219850,0.613215,0.255316
image_02009.jpg,train,EDM_DROP,0.266159,0.263000,0.217639,0.248933,0.250309,0.424377,0.294835,0.208437
image_02010.jpg,train,EDM_CHILL,0.593384,0.553934,0.510348,0.552555,0.161530,0.224488,0.375741,0.260518
image_02011.jpg,train,EDM_CHILL,0.615772,0.614249,0.562765,0.597595,0.201858,0.233039,0.381675,0.316086
image_02012.jpg,train,HOUSE,0.552328,0.501711,0.333268,0.462436,0.161648,0.421087,0.562410,0.187688
image_02013.jpg,test,CINEMATIC,0.397150,0.401104,0.375790,0.391348,0.326613,0.241513,0.195326,0.334215
image_02014.jpg,train,CINEMATIC,0.650991,0.616894,0.610401,0.626095,0.483031,0.132684,0.227293,0.237589
image_02015.jpg,train,HOUSE,0.501297,0.491737,0.483963,0.492333,0.475801,0.181219,0.425502,0.204011
image_02016.jpg,train,CINEMATIC,0.342519,0.324396,0.316206,0.327707,0.288935,0.320694,0.381827,0.150275
image_02017.jpg,train,EDM_CHILL,0.585556,0.585676,0.509237,0.560156,0.320780,0.279771,0.494678,0.355179
image_02018.jpg,test,EDM_CHILL,0.536950,0.597994,0.674193,0.603046,0.565349,0.229649,0.418009,0.167049
image_02019.jpg,test,EDM_CHILL,0.418688,0.368488,0.337577,0.374918,0.339988,0.263514,0.330914,0.188178
image_02020.jpg,train,CINEMATIC,0.575711,0.560941,0.532494,0.556382,0.227917,0.132855,0.237048,0.192183
image_02021.jpg,train,HOUSE,0.504070,0.381533,0.251788,0.379131,0.095766,0.563918,0.501931,0.251449
image_02022.jpg,test,CINEMATIC,0.498681,0.495822,0.494970,0.496491,0.452839,0.180465,0.320184,0.276436
image_02023.jpg,train,CINEMATIC,0.459453,0.401643,0.289560,0.383552,0.124248,0.353291,0.415811,0.211682
image_02024.jpg,train,EDM_CHILL,0.646883,0.643341,0.647605,0.645943,0.342809,0.126811,0.229600,0.242387
image_02025.jpg,train,CINEMATIC,0.523290,0.506125,0.324360,0.451258,0.153774,0.399321,0.341524,0.101709
image_02026.jpg,train,EDM_CHILL,0.552666,0.574331,0.603188,0.576728,0.497973,0.204547,0.322561,0.132835
image_02027.jpg,train,EDM_CHILL,0.594863,0.628325,0.683672,0.635620,0.569679,0.157002,0.257452,0.156888
image_02028.jpg,train,EDM_DROP,0.419300,0.411606,0.340747,0.390551,0.263394,0.347565,0.384170,0.246912
image_02029.jpg,train,HOUSE,0.474090,0.485512,0.506024,0.488542,0.424724,0.319289,0.543676,0.242299
image_02030.jpg,train,EDM_CHILL,0.640523,0.644446,0.646089,0.643686,0.418134,0.160991,0.275872,0.218233
image_02031.jpg,train,CINEMATIC,0.375879,0.314481,0.275677,0.322012,0.315191,0.382663,0.427524,0.176573
image_02032.jpg,train,EDM_CHILL,0.751023,0.712214,0.688049,0.717095,0.467420,0.144574,0.304444,0.219535
image_02033.jpg,train,CINEMATIC,0.513257,0.498936,0.434903,0.482365,0.281805,0.293556,0.463798,0.232502
image_02034.jpg,train,EDM_CHILL,0.509336,0.486550,0.487453,0.494447,0.379386,0.166113,0.278838,0.252100
image_02035.jpg,test,CINEMATIC,0.593573,0.551305,0.503589,0.549489,0.193189,0.255098,0.314732,0.236565
image_02036.jpg,train,HOUSE,0.564130,0.657119,0.360277,0.527175,0.219638,0.445055,0.628820,0.251244
image_02037.jpg,train,HOUSE,0.479997,0.511419,0.399261,0.463559,0.328107,0.337784,0.572610,0.245581
image_02038.jpg,train,EDM_DROP,0.419671,0.234050,0.088119,0.247280,0.115296,0.871008,0.840708,0.213043
image_02039.jpg,train,CINEMATIC,0.303669,0.316517,0.299135,0.306441,0.309083,0.335969,0.303006,0.183073
image_02040.jpg,test,EDM_CHILL,0.666352,0.750579,0.844218,0.753716,0.547286,0.263879,0.516928,0.181519
image_02041.jpg,train,CINEMATIC,0.462249,0.489957,0.457843,0.470016,0.333509,0.264329,0.221276,0.313462
image_02042.jpg,test,EDM_CHILL,0.652634,0.651692,0.651157,0.651828,0.375183,0.033289,0.093752,0.131556
image_02043.jpg,train,CINEMATIC,0.369579,0.389952,0.420721,0.393418,0.550371,0.173829,0.167743,0.175418
image_02044.jpg,test,HOUSE,0.705314,0.701427,0.495422,0.634054,0.205218,0.392470,0.577813,0.218092
image_02045.jpg,train,HOUSE,0.303714,0.379074,0.421925,0.368238,0.349319,0.516736,0.841656,0.228461
image_02046.jpg,train,EDM_CHILL,0.466658,0.484205,0.424150,0.458338,0.362952,0.353717,0.427331,0.308790
image_02047.jpg,train,EDM_CHILL,0.601590,0.605295,0.588241,0.598375,0.372745,0.266657,0.461686,0.210301
image_02048.jpg,train,EDM_DROP,0.262094,0.263657,0.245664,0.257138,0.454919,0.475173,0.427625,0.238988
image_02049.jpg,test,CINEMATIC,0.408303,0.430908,0.370600,0.403270,0.346484,0.250674,0.287929,0.202930
image_02050.jpg,test,HOUSE,0.418745,0.470925,0.445274,0.444981,0.433427,0.311617,0.332567,0.316734
image_02051.jpg,train,EDM_CHILL,0.491519,0.545791,0.539230,0.525514,0.429250,0.166864,0.252745,0.172160
image_02052.jpg,train,HOUSE,0.293788,0.335815,0.164477,0.264693,0.213869,0.614987,0.414360,0.215183
image_02053.jpg,train,CINEMATIC,0.442732,0.450088,0.394739,0.429186,0.264412,0.325109,0.455667,0.283230
image_02054.jpg,test,CINEMATIC,0.380041,0.376759,0.345189,0.367330,0.281829,0.235175,0.188990,0.275382
image_02055.jpg,train,CINEMATIC,0.346368,0.338981,0.311041,0.332130,0.428982,0.264006,0.392661,0.217948
image_02056.jpg,test,HOUSE,0.354110,0.536589,0.546710,0.479136,0.446642,0.480385,0.674863,0.260018
image_02057.jpg,train,CINEMATIC,0.423219,0.421223,0.394731,0.413058,0.367536,0.183564,0.342690,0.221397
image_02058.jpg,train,HOUSE,0.396089,0.553353,0.623583,0.524341,0.502158,0.392151,0.550615,0.248088
image_02059.jpg,train,EDM_CHILL,0.496597,0.573547,0.644219,0.571454,0.496789,0.266955,0.449575,0.129457
image_02060.jpg,test,EDM_DROP,0.322635,0.368874,0.443369,0.378293,0.581787,0.358132,0.386229,0.216991
image_02061.jpg,train,EDM_CHILL,0.773876,0.849517,0.889357,0.837583,0.545549,0.154257,0.247221,0.194506
image_02062.jpg,train,EDM_CHILL,0.559243,0.550876,0.571249,0.560456,0.319893,0.247163,0.421276,0.335041
image_02064.jpg,test,EDM_CHILL,0.410939,0.458826,0.525003,0.464923,0.476129,0.353870,0.532410,0.200319
image_02065.jpg,train,HOUSE,0.526299,0.492894,0.464277,0.494490,0.355457,0.228315,0.429564,0.265545
image_02066.jpg,test,CINEMATIC,0.403869,0.513186,0.489981,0.469012,0.385870,0.382313,0.386746,0.271239
image_02067.jpg,train,EDM_CHILL,0.572899,0.666778,0.736108,0.658595,0.568894,0.253654,0.270642,0.206590
image_02068.jpg,train,HOUSE,0.361722,0.318303,0.175470,0.285165,0.221255,0.670993,0.710472,0.223365
image_02069.jpg,test,CINEMATIC,0.452964,0.398045,0.358004,0.403004,0.291641,0.426973,0.514344,0.266761
image_02070.jpg,test,HOUSE,0.379197,0.428985,0.334046,0.380743,0.272151,0.463184,0.531111,0.287637
image_02071.jpg,train,EDM_CHILL,0.632300,0.635185,0.599111,0.622198,0.201989,0.088093,0.104412,0.281835
image_02072.jpg,train,EDM_CHILL,0.550301,0.547581,0.542712,0.546865,0.373409,0.077359,0.109377,0.238962
image_02073.jpg,train,CINEMATIC,0.387738,0.328089,0.269568,0.328465,0.127414,0.378224,0.346074,0.240157
image_02074.jpg,train,CINEMATIC,0.392661,0.347425,0.346423,0.362170,0.492594,0.211372,0.188106,0.126525
image_02075.jpg,train,EDM_DROP,0.336077,0.341532,0.330874,0.336161,0.359464,0.139803,0.169845,0.226643
image_02076.jpg,train,HOUSE,0.375144,0.380875,0.246036,0.334019,0.294855,0.497804,0.637395,0.291671
image_02077.jpg,train,HOUSE,0.559208,0.592430,0.483397,0.545012,0.341663,0.343365,0.460803,0.248292
image_02078.jpg,train,HOUSE,0.490031,0.436156,0.393646,0.439944,0.347748,0.612328,0.968346,0.275378
image_02079.jpg,train,EDM_DROP,0.197184,0.165335,0.197061,0.186527,0.527786,0.451082,0.313460,0.166437
image_02080.jpg,test,HOUSE,0.270753,0.441854,0.638172,0.450260,0.543367,0.623158,0.892772,0.212372
image_02081.jpg,train,CINEMATIC,0.499405,0.493654,0.488664,0.493908,0.383538,0.103511,0.103113,0.282253
image_02082.jpg,train,HOUSE,0.614644,0.597496,0.578208,0.596783,0.389732,0.309247,0.638279,0.239440
image_02083.jpg,train,EDM_CHILL,0.477012,0.602280,0.715615,0.598302,0.555660,0.412454,0.569730,0.240637
image_02084.jpg,train,HOUSE,0.414488,0.427243,0.365893,0.402541,0.305769,0.243672,0.349221,0.188293
image_02085.jpg,train,EDM_DROP,0.131120,0.092556,0.060075,0.094584,0.207580,0.570989,0.309286,0.114999
image_02086.jpg,test,HOUSE,0.413327,0.495474,0.407077,0.438626,0.438747,0.370698,0.653427,0.269397
image_02088.jpg,test,EDM_CHILL,0.523288,0.598377,0.687032,0.602899,0.498905,0.307800,0.543883,0.239819
image_02089.jpg,train,EDM_CHILL,0.491308,0.511082,0.416190,0.472860,0.294880,0.223569,0.306606,0.234050
image_02090.jpg,train,HOUSE,0.403218,0.415644,0.361264,0.393375,0.268481,0.317063,0.384914,0.299698
image_02092.jpg,train,HOUSE,0.515038,0.571331,0.577495,0.554621,0.465546,0.317289,0.501443,0.215538
image_02093.jpg,train,HOUSE,0.474048,0.489084,0.359036,0.440723,0.278713,0.433547,0.534601,0.268742
image_02094.jpg,test,HOUSE,0.490508,0.453772,0.470373,0.471551,0.347961,0.372458,0.745799,0.234196
image_02095.jpg,train,HOUSE,0.376350,0.370542,0.253202,0.333365,0.252054,0.551625,0.579837,0.284709
image_02096.jpg,test,HOUSE,0.578660,0.478674,0.456841,0.504725,0.347903,0.322151,0.644316,0.319999
image_02097.jpg,train,HOUSE,0.392319,0.397962,0.353520,0.381267,0.331881,0.563302,0.786337,0.232846
image_02098.jpg,train,HOUSE,0.414549,0.472619,0.542308,0.476492,0.532453,0.326318,0.427006,0.159278
image_02099.jpg,train,CINEMATIC,0.380174,0.345045,0.305878,0.343699,0.242634,0.295928,0.317466,0.223210
image_02100.jpg,train,CINEMATIC,0.661554,0.592913,0.503821,0.586096,0.110547,0.238682,0.232868,0.086205
image_02101.jpg,train,EDM_CHILL,0.576960,0.573796,0.603692,0.584816,0.557397,0.114562,0.170440,0.242306
image_02102.jpg,train,EDM_DROP,0.226332,0.205355,0.199307,0.210331,0.194208,0.296275,0.239591,0.317774
image_02103.jpg,train,CINEMATIC,0.428482,0.402253,0.385268,0.405334,0.287210,0.225783,0.352613,0.282443
image_02104.jpg,train,EDM_DROP,0.367322,0.271955,0.244873,0.294717,0.254450,0.370805,0.549607,0.226395
image_02105.jpg,train,CINEMATIC,0.430795,0.394823,0.371355,0.398991,0.293646,0.251778,0.390252,0.263837
image_02106.jpg,train,EDM_CHILL,0.689525,0.717308,0.730180,0.712337,0.500211,0.077139,0.156741,0.115439
image_02107.jpg,train,HOUSE,0.281672,0.613600,0.428565,0.441279,0.352123,0.790454,1.000000,0.173096
image_02108.jpg,train,CINEMATIC,0.400240,0.337315,0.334464,0.357340,0.392945,0.258898,0.311453,0.233531
image_02109.jpg,train,EDM_CHILL,0.433726,0.514065,0.465648,0.471146,0.389137,0.317270,0.417632,0.213719
image_02110.jpg,train,HOUSE,0.493458,0.440109,0.198090,0.377219,0.168757,0.672068,0.705426,0.238753
image_02111.jpg,test,HOUSE,0.499904,0.437195,0.429703,0.455601,0.393277,0.481708,0.762262,0.312163
image_02112.jpg,train,CINEMATIC,0.402954,0.413627,0.332582,0.383054,0.256049,0.370891,0.389694,0.313648
image_02113.jpg,test,EDM_CHILL,0.450971,0.501319,0.473353,0.475214,0.413528,0.291417,0.440695,0.243760
image_02114.jpg,train,HOUSE,0.643477,0.600010,0.305549,0.516345,0.252582,0.572561,0.947642,0.229252
image_02115.jpg,train,CINEMATIC,0.473312,0.469146,0.459853,0.467437,0.325270,0.240644,0.300254,0.224761
image_02116.jpg,train,EDM_DROP,0.297189,0.207385,0.182565,0.229046,0.395182,0.408562,0.495338,0.175363
image_02117.jpg,train,CINEMATIC,0.418948,0.411267,0.394752,0.408323,0.363978,0.186386,0.272825,0.149660
image_02118.jpg,train,CINEMATIC,0.446649,0.436493,0.424665,0.435936,0.422766,0.142503,0.192064,0.237015
image_02119.jpg,train,HOUSE,0.543280,0.427904,0.271776,0.414320,0.203488,0.649581,1.000000,0.216099
image_02120.jpg,train,CINEMATIC,0.487874,0.506929,0.508252,0.501018,0.323956,0.117287,0.323088,0.155048
image_02121.jpg,train,EDM_CHILL,0.298983,0.412633,0.399542,0.370386,0.367472,0.494082,0.594018,0.215867
image_02122.jpg,train,CINEMATIC,0.350781,0.391141,0.326603,0.356175,0.310185,0.318513,0.331066,0.204039
image_02123.jpg,train,EDM_CHILL,0.719698,0.725481,0.714800,0.719993,0.318198,0.214963,0.417896,0.082046
image_02124.jpg,train,EDM_CHILL,0.563776,0.608271,0.460874,0.544307,0.247116,0.302974,0.412792,0.185194
image_02125.jpg,test,CINEMATIC,0.343597,0.361612,0.367087,0.357432,0.423011,0.207526,0.255523,0.235687
image_02126.jpg,train,CINEMATIC,0.469814,0.449104,0.441456,0.453458,0.367593,0.172377,0.198792,0.180509
image_02127.jpg,train,CINEMATIC,0.391040,0.346968,0.327286,0.355098,0.319606,0.311452,0.314224,0.206979
image_02128.jpg,test,CINEMATIC,0.319864,0.354379,0.324946,0.333063,0.392676,0.358929,0.327810,0.293709
image_02129.jpg,train,CINEMATIC,0.415062,0.394106,0.398679,0.402616,0.478358,0.261733,0.344732,0.224782
image_02130.jpg,train,EDM_CHILL,0.454875,0.532639,0.547436,0.511650,0.537409,0.327183,0.414502,0.265068
image_02131.jpg,test,CINEMATIC,0.414064,0.358028,0.336543,0.369545,0.397624,0.337486,0.411326,0.225621
image_02132.jpg,test,CINEMATIC,0.539171,0.483071,0.425982,0.482741,0.137394,0.215898,0.201728,0.143406
image_02133.jpg,train,CINEMATIC,0.420261,0.453160,0.348569,0.407330,0.280130,0.363119,0.475562,0.226058
image_02135.jpg,train,EDM_CHILL,0.559122,0.551026,0.543588,0.551245,0.374633,0.079882,0.233533,0.158438
image_02136.jpg,test,HOUSE,0.452519,0.522216,0.483211,0.485982,0.315030,0.393736,0.722837,0.362146
image_02137.jpg,train,EDM_DROP,0.309667,0.307378,0.145040,0.254028,0.173059,0.672299,0.297192,0.207527
image_02138.jpg,test,CINEMATIC,0.347066,0.289434,0.293980,0.310160,0.430992,0.346727,0.387289,0.221089
image_02139.jpg,test,EDM_DROP,0.446751,0.285637,0.166167,0.299518,0.247797,0.569512,0.921226,0.238558
image_02140.jpg,test,EDM_DROP,0.262105,0.265668,0.244551,0.257441,0.320862,0.284638,0.173709,0.254450
image_02141.jpg,train,EDM_DROP,0.237529,0.204705,0.193447,0.211894,0.192665,0.320462,0.254475,0.283036
image_02142.jpg,train,EDM_CHILL,0.433599,0.476027,0.465675,0.458434,0.373444,0.196063,0.425172,0.179972
image_02143.jpg,train,HOUSE,0.506414,0.349939,0.285090,0.380481,0.181791,0.464574,0.678025,0.212979
image_02144.jpg,train,EDM_CHILL,0.512474,0.509274,0.565684,0.529144,0.509262,0.205101,0.336348,0.282685
image_02145.jpg,train,EDM_CHILL,0.751439,0.749601,0.753479,0.751507,0.367033,0.037334,0.124713,0.241653
image_02146.jpg,test,EDM_CHILL,0.656747,0.659967,0.576144,0.630952,0.192424,0.185114,0.434994,0.278863
image_02147.jpg,train,EDM_DROP,0.318588,0.302527,0.254926,0.292013,0.200555,0.179359,0.269800,0.261428
image_02148.jpg,test,EDM_DROP,0.253775,0.215448,0.140035,0.203086,0.113988,0.360494,0.380763,0.190716
image_02149.jpg,train,EDM_DROP,0.293728,0.260848,0.287255,0.280611,0.527943,0.383384,0.274054,0.220586
image_02150.jpg,train,HOUSE,0.592257,0.453596,0.415581,0.487145,0.201490,0.418625,0.747618,0.200510
image_02151.jpg,train,EDM_CHILL,0.597106,0.581918,0.434144,0.537723,0.237421,0.348685,0.488834,0.210397
image_02152.jpg,test,HOUSE,0.508888,0.454346,0.443376,0.468870,0.393422,0.365797,0.555283,0.218335
image_02153.jpg,test,CINEMATIC,0.403835,0.402115,0.449053,0.418334,0.478671,0.290331,0.350613,0.340118
image_02154.jpg,train,CINEMATIC,0.425979,0.391835,0.299634,0.372483,0.181299,0.341077,0.333034,0.253530
image_02155.jpg,test,HOUSE,0.577219,0.444168,0.370378,0.463922,0.173692,0.365217,0.465500,0.142281
image_02156.jpg,train,HOUSE,0.630156,0.560239,0.338079,0.509491,0.144095,0.500211,0.703284,0.231371
image_02157.jpg,test,EDM_CHILL,0.683565,0.658504,0.673673,0.671914,0.468720,0.145170,0.324354,0.307182
image_02158.jpg,test,HOUSE,0.268674,0.454752,0.546073,0.423166,0.493235,0.592934,0.938677,0.229987
image_02159.jpg,train,CINEMATIC,0.385731,0.326672,0.246260,0.319554,0.170537,0.500961,0.399824,0.206187
image_02160.jpg,test,CINEMATIC,0.449623,0.467743,0.412749,0.443372,0.333755,0.233439,0.399514,0.230398
image_02161.jpg,train,EDM_CHILL,0.259958,0.410745,0.535457,0.402054,0.523123,0.583413,0.735834,0.200741
image_02162.jpg,test,HOUSE,0.579810,0.498757,0.507709,0.528759,0.468152,0.240634,0.505185,0.210497
image_02163.jpg,train,EDM_DROP,0.202209,0.181387,0.174641,0.186079,0.391237,0.419479,0.265236,0.229029
image_02164.jpg,test,CINEMATIC,0.406268,0.363907,0.176207,0.315461,0.157192,0.582650,0.389814,0.089631
image_02165.jpg,train,EDM_CHILL,0.723056,0.702345,0.632344,0.685915,0.233852,0.252532,0.478742,0.205854
image_02166.jpg,train,HOUSE,0.548379,0.430140,0.489150,0.489223,0.680358,0.351790,0.635463,0.221239
image_02167.jpg,train,EDM_DROP,0.271608,0.316282,0.259564,0.282485,0.286217,0.348065,0.289865,0.292534
image_02168.jpg,train,HOUSE,0.510582,0.471725,0.301286,0.427864,0.152244,0.477587,0.636758,0.285951
image_02169.jpg,train,CINEMATIC,0.471938,0.434385,0.393254,0.433192,0.111296,0.264679,0.191324,0.371772
image_02170.jpg,train,CINEMATIC,0.421833,0.389573,0.358748,0.390051,0.306838,0.250171,0.395166,0.189797
image_02171.jpg,train,EDM_CHILL,0.521966,0.544107,0.453824,0.506632,0.364185,0.309541,0.466265,0.274113
image_02172.jpg,test,EDM_DROP,0.222212,0.119452,0.086113,0.142592,0.229362,0.644799,0.492309,0.201930
image_02173.jpg,train,HOUSE,0.738683,0.622074,0.525882,0.628880,0.120928,0.353982,0.570710,0.284976
image_02174.jpg,test,EDM_CHILL,0.523240,0.578387,0.401535,0.501054,0.258737,0.381534,0.550001,0.244021
image_02175.jpg,test,CINEMATIC,0.447016,0.415814,0.387647,0.416826,0.422586,0.274644,0.353173,0.214391
image_02176.jpg,train,EDM_CHILL,0.579929,0.565062,0.551633,0.565541,0.359422,0.146563,0.181355,0.261389
image_02177.jpg,test,HOUSE,0.412752,0.349749,0.273385,0.345295,0.341991,0.376940,0.709446,0.267306
image_02178.jpg,train,CINEMATIC,0.596286,0.595384,0.603660,0.598443,0.415121,0.093973,0.125501,0.300225
image_02179.jpg,test,HOUSE,0.574952,0.456308,0.327451,0.452904,0.165487,0.441172,0.671814,0.268109
image_02180.jpg,train,EDM_CHILL,0.428662,0.513453,0.594106,0.512074,0.550446,0.306544,0.594140,0.173431
image_02181.jpg,train,CINEMATIC,0.526330,0.534210,0.544177,0.534906,0.430130,0.130618,0.312312,0.190621
image_02182.jpg,train,CINEMATIC,0.506456,0.438422,0.354448,0.433109,0.112269,0.392236,0.335319,0.314680
image_02183.jpg,train,EDM_DROP,0.296001,0.269338,0.177728,0.247689,0.160757,0.590860,0.331914,0.251739
image_02184.jpg,train,CINEMATIC,0.627136,0.635414,0.652850,0.638467,0.561966,0.117892,0.248512,0.315831
image_02185.jpg,test,EDM_DROP,0.245716,0.241056,0.231406,0.239393,0.356401,0.422778,0.226128,0.237927
image_02186.jpg,train,CINEMATIC,0.463037,0.438113,0.415701,0.438950,0.321658,0.203324,0.352729,0.265323
image_02187.jpg,train,CINEMATIC,0.324055,0.324745,0.303067,0.317289,0.337479,0.356425,0.336497,0.139536
image_02188.jpg,train,EDM_CHILL,0.442897,0.562237,0.541055,0.515396,0.425469,0.295871,0.476465,0.198866
image_02189.jpg,train,HOUSE,0.336794,0.469730,0.302471,0.369665,0.371482,0.509693,0.670634,0.231020
image_02190.jpg,train,CINEMATIC,0.412683,0.381755,0.345395,0.379944,0.170900,0.202451,0.224361,0.164813
image_02191.jpg,train,CINEMATIC,0.420424,0.364733,0.317281,0.367479,0.169855,0.343075,0.271246,0.223959
image_02192.jpg,test,EDM_DROP,0.261508,0.325576,0.227363,0.271483,0.322318,0.428019,0.377404,0.247559
image_02193.jpg,train,HOUSE,0.502518,0.602875,0.367599,0.490997,0.276776,0.430990,0.694078,0.225009
image_02194.jpg,train,CINEMATIC,0.321143,0.325703,0.325337,0.324061,0.364638,0.311886,0.293301,0.284767
image_02195.jpg,train,CINEMATIC,0.507566,0.543454,0.515639,0.522220,0.352533,0.109004,0.123493,0.225700
image_02196.jpg,train,CINEMATIC,0.481645,0.491433,0.410751,0.461276,0.291339,0.209821,0.411924,0.128137
image_02197.jpg,test,CINEMATIC,0.436006,0.444472,0.443438,0.441305,0.435671,0.164445,0.201794,0.176464
image_02198.jpg,train,CINEMATIC,0.509550,0.490634,0.450591,0.483592,0.355613,0.286937,0.403711,0.208129
image_02199.jpg,test,HOUSE,0.496524,0.320360,0.141436,0.319440,0.184539,0.764892,0.951830,0.227606
image_02200.jpg,train,HOUSE,0.434341,0.410945,0.352065,0.399117,0.323906,0.327570,0.539509,0.217159
image_02201.jpg,train,EDM_CHILL,0.788964,0.782294,0.795446,0.788901,0.623154,0.074082,0.113292,0.226744
image_02202.jpg,train,HOUSE,0.639901,0.547697,0.423389,0.536996,0.100310,0.367842,0.411053,0.215694
image_02203.jpg,train,EDM_CHILL,0.771107,0.718080,0.692787,0.727325,0.311755,0.212138,0.436810,0.266224
image_02204.jpg,train,CINEMATIC,0.443238,0.415439,0.341974,0.400217,0.130894,0.296932,0.183769,0.261893
image_02205.jpg,train,EDM_CHILL,0.378520,0.458192,0.507857,0.448190,0.421455,0.530499,0.798648,0.198213
image_02206.jpg,test,EDM_CHILL,0.590143,0.629132,0.586468,0.601914,0.328919,0.252321,0.340090,0.341859
image_02207.jpg,train,EDM_DROP,0.290725,0.275212,0.199386,0.255108,0.174970,0.285557,0.388094,0.199348
image_02208.jpg,test,CINEMATIC,0.382998,0.359301,0.290035,0.344111,0.151447,0.262088,0.247827,0.181599
image_02209.jpg,train,EDM_CHILL,0.474990,0.587672,0.662285,0.574982,0.465866,0.413155,0.901169,0.148416
image_02210.jpg,test,EDM_CHILL,0.366917,0.408774,0.468191,0.414627,0.453413,0.312316,0.376067,0.188202
image_02211.jpg,test,HOUSE,0.600135,0.562933,0.426508,0.529859,0.299075,0.460987,0.901279,0.239163
image_02212.jpg,train,HOUSE,0.602531,0.485316,0.333728,0.473858,0.094579,0.501647,0.399384,0.218728
image_02213.jpg,train,HOUSE,0.728443,0.654550,0.611310,0.664768,0.211265,0.312499,0.861024,0.276781
image_02214.jpg,train,HOUSE,0.605688,0.594227,0.600361,0.600092,0.399674,0.222968,0.463411,0.272444
image_02215.jpg,train,EDM_CHILL,0.581851,0.583764,0.566496,0.577370,0.318051,0.167792,0.263453,0.182465
image_02216.jpg,test,CINEMATIC,0.581237,0.520887,0.465154,0.522426,0.201127,0.195790,0.387057,0.286825
image_02217.jpg,train,EDM_CHILL,0.474091,0.481088,0.511079,0.488753,0.457911,0.281659,0.398174,0.288078
image_02218.jpg,train,CINEMATIC,0.357277,0.356569,0.316232,0.343359,0.288435,0.218913,0.248281,0.251200
image_02219.jpg,train,EDM_CHILL,0.684874,0.688793,0.691705,0.688457,0.320892,0.045270,0.098003,0.159888
image_02220.jpg,train,HOUSE,0.625975,0.520053,0.376295,0.507441,0.312476,0.535317,0.881058,0.313811
image_02221.jpg,train,EDM_DROP,0.228824,0.236944,0.217575,0.227781,0.351894,0.304033,0.325546,0.201584
image_02222.jpg,train,EDM_CHILL,0.677411,0.669727,0.673219,0.673453,0.467233,0.074227,0.181354,0.283662
image_02223.jpg,train,EDM_CHILL,0.411287,0.545989,0.642658,0.533311,0.558649,0.386849,0.526201,0.211591
image_02224.jpg,train,EDM_CHILL,0.630656,0.708935,0.715929,0.685174,0.367815,0.189165,0.444271,0.146371
image_02225.jpg,test,EDM_CHILL,0.630109,0.588664,0.543912,0.587562,0.214645,0.227571,0.424177,0.337057
image_02226.jpg,train,HOUSE,0.488600,0.472620,0.330519,0.430580,0.248789,0.368381,0.538818,0.160129
image_02227.jpg,test,HOUSE,0.596003,0.605743,0.424742,0.542163,0.217100,0.345019,0.447291,0.137502
image_02228.jpg,train,HOUSE,0.475938,0.477077,0.329403,0.427473,0.217728,0.386598,0.432676,0.185846
image_02229.jpg,test,CINEMATIC,0.549225,0.486584,0.415129,0.483646,0.204060,0.303450,0.318888,0.244656
image_02230.jpg,train,CINEMATIC,0.374120,0.336523,0.307334,0.339326,0.272244,0.295150,0.483057,0.220184
image_02231.jpg,train,HOUSE,0.674173,0.445203,0.279498,0.466291,0.298676,0.638057,1.000000,0.181862
image_02232.jpg,train,CINEMATIC,0.402748,0.337807,0.251864,0.330806,0.172920,0.390254,0.414741,0.214682
image_02233.jpg,test,HOUSE,0.643502,0.581114,0.482565,0.569060,0.258702,0.391632,0.742500,0.179395
image_02234.jpg,train,HOUSE,0.575678,0.434634,0.318173,0.442828,0.147522,0.438908,0.601164,0.190479
image_02235.jpg,train,EDM_DROP,0.200015,0.203171,0.180597,0.194594,0.252603,0.292211,0.181965,0.251323
image_02236.jpg,train,CINEMATIC,0.504385,0.443400,0.420376,0.456054,0.281898,0.256818,0.308483,0.229614
image_02237.jpg,train,CINEMATIC,0.510386,0.512419,0.507845,0.510217,0.349604,0.155640,0.277862,0.124738
image_02238.jpg,train,EDM_CHILL,0.498066,0.545776,0.519241,0.521028,0.335296,0.323883,0.500925,0.218167
image_02239.jpg,test,EDM_DROP,0.214996,0.195539,0.258994,0.223176,0.630045,0.442961,0.300593,0.214076
image_02240.jpg,train,EDM_CHILL,0.687437,0.660461,0.686625,0.678174,0.531606,0.124840,0.241758,0.171128
image_02241.jpg,train,CINEMATIC,0.493138,0.441401,0.418464,0.451001,0.366475,0.237350,0.471755,0.216444
image_02242.jpg,train,CINEMATIC,0.390462,0.410468,0.299685,0.366872,0.241521,0.285878,0.330901,0.239414
image_02243.jpg,train,EDM_DROP,0.335122,0.273679,0.231346,0.280049,0.316004,0.434648,0.466447,0.237400
image_02244.jpg,test,CINEMATIC,0.405748,0.418135,0.411101,0.411661,0.385333,0.224536,0.272555,0.247682
image_02245.jpg,train,EDM_CHILL,0.682397,0.631185,0.557719,0.623767,0.131753,0.239895,0.307760,0.266641
image_02246.jpg,train,EDM_DROP,0.295380,0.361780,0.333043,0.330068,0.253410,0.396972,0.630514,0.242782
image_02247.jpg,test,CINEMATIC,0.436880,0.386976,0.295696,0.373184,0.106258,0.363813,0.344701,0.304118
image_02248.jpg,test,EDM_CHILL,0.729449,0.718528,0.704720,0.717565,0.269329,0.079101,0.125329,0.267783
image_02249.jpg,test,HOUSE,0.509742,0.333629,0.231256,0.358209,0.079726,0.590373,0.605072,0.221516
image_02250.jpg,train,EDM_CHILL,0.746586,0.722657,0.665787,0.711677,0.173443,0.163104,0.228156,0.222322
image_02251.jpg,train,HOUSE,0.605845,0.493246,0.398368,0.499153,0.108328,0.384309,0.427220,0.187122
image_02252.jpg,train,CINEMATIC,0.492233,0.450077,0.434451,0.458920,0.444837,0.228537,0.457588,0.282283
image_02253.jpg,test,EDM_DROP,0.441339,0.323342,0.144251,0.302977,0.138016,0.661281,0.730130,0.254818
image_02254.jpg,train,EDM_DROP,0.308120,0.355992,0.153366,0.272493,0.186233,0.530630,0.476990,0.168095
image_02255.jpg,train,HOUSE,0.523271,0.462758,0.415766,0.467265,0.266080,0.382077,0.792153,0.273901
image_02256.jpg,train,CINEMATIC,0.565968,0.537132,0.463550,0.522217,0.223449,0.258131,0.367994,0.265304
image_02257.jpg,train,HOUSE,0.762623,0.591640,0.538353,0.630872,0.197061,0.323672,0.779536,0.278418
image_02258.jpg,train,EDM_CHILL,0.387313,0.502897,0.509157,0.466455,0.475578,0.274887,0.368458,0.199516
image_02259.jpg,train,CINEMATIC,0.406693,0.413848,0.420002,0.413514,0.412226,0.203983,0.231125,0.283595
image_02260.jpg,train,CINEMATIC,0.406234,0.345112,0.338375,0.363241,0.352944,0.299959,0.452205,0.166989
image_02261.jpg,train,EDM_DROP,0.294856,0.270961,0.238085,0.267967,0.147013,0.238093,0.203456,0.241400
image_02262.jpg,train,EDM_CHILL,0.625733,0.571234,0.586249,0.594405,0.394671,0.222100,0.338224,0.389211
image_02263.jpg,train,HOUSE,0.602426,0.431568,0.327401,0.453798,0.125773,0.529450,0.707852,0.303580
image_02264.jpg,test,EDM_CHILL,0.682971,0.643348,0.598624,0.641648,0.386510,0.233683,0.470270,0.203392
image_02265.jpg,train,HOUSE,0.387921,0.411723,0.364523,0.388056,0.431481,0.416741,0.521593,0.271212
image_02266.jpg,test,EDM_CHILL,0.455418,0.487148,0.485727,0.476098,0.362891,0.314456,0.341440,0.320355
image_02267.jpg,train,HOUSE,0.469800,0.519504,0.299710,0.429672,0.274587,0.544708,0.728308,0.145992
image_02268.jpg,train,CINEMATIC,0.358049,0.371240,0.323103,0.350797,0.341750,0.348291,0.314360,0.209462
image_02269.jpg,train,CINEMATIC,0.485249,0.509403,0.378383,0.457678,0.223294,0.316030,0.391101,0.247864
image_02270.jpg,test,CINEMATIC,0.507785,0.498268,0.463400,0.489818,0.282189,0.269176,0.442617,0.189108
image_02271.jpg,train,EDM_CHILL,0.677399,0.630050,0.510625,0.606024,0.142458,0.265676,0.359282,0.173235
image_02272.jpg,train,EDM_DROP,0.233537,0.207352,0.202083,0.214324,0.275090,0.132672,0.179960,0.148837
image_02273.jpg,train,EDM_DROP,0.193746,0.200967,0.205807,0.200173,0.378515,0.341572,0.349853,0.180745
image_02274.jpg,train,HOUSE,0.527066,0.428503,0.339819,0.431796,0.277916,0.424296,0.637364,0.164144
image_02275.jpg,train,HOUSE,0.379924,0.451988,0.370912,0.400942,0.361248,0.492955,0.740184,0.269925
image_02276.jpg,train,EDM_DROP,0.165662,0.423318,0.526447,0.371809,0.532905,0.709621,0.625246,0.148984
image_02277.jpg,train,HOUSE,0.428168,0.490880,0.378005,0.432351,0.321379,0.362881,0.431153,0.219324
image_02278.jpg,train,EDM_CHILL,0.580313,0.582201,0.577396,0.579970,0.412248,0.240053,0.451984,0.174029
image_02279.jpg,train,HOUSE,0.544202,0.532516,0.486045,0.520921,0.398757,0.387934,0.560837,0.392455
image_02280.jpg,train,EDM_CHILL,0.685323,0.651184,0.622046,0.652851,0.298198,0.137043,0.355841,0.242947
image_02281.jpg,train,CINEMATIC,0.519254,0.506745,0.475358,0.500452,0.274564,0.139178,0.238250,0.201112
image_02282.jpg,test,EDM_CHILL,0.681705,0.680896,0.663071,0.675224,0.398946,0.135213,0.229897,0.225767
image_02283.jpg,train,EDM_DROP,0.317742,0.380105,0.190898,0.296248,0.235213,0.633223,0.579829,0.257810
image_02284.jpg,train,EDM_DROP,0.336452,0.397776,0.408301,0.380843,0.295898,0.444789,0.730687,0.329855
image_02285.jpg,train,CINEMATIC,0.448211,0.419794,0.409899,0.425968,0.307573,0.183081,0.288759,0.342350
image_02286.jpg,test,CINEMATIC,0.431785,0.399064,0.420674,0.417175,0.559069,0.211128,0.223796,0.265686
image_02287.jpg,train,EDM_CHILL,0.519535,0.570859,0.606750,0.565715,0.451629,0.194316,0.402372,0.196526
image_02288.jpg,train,EDM_CHILL,0.650441,0.692091,0.723703,0.688745,0.554506,0.175477,0.345762,0.183618
image_02289.jpg,train,EDM_DROP,0.301419,0.270591,0.254152,0.275387,0.359082,0.322464,0.271817,0.275503
image_02290.jpg,train,EDM_DROP,0.342444,0.382538,0.267060,0.330680,0.274107,0.412841,0.426204,0.170675
image_02291.jpg,test,EDM_CHILL,0.416228,0.547025,0.655595,0.539616,0.577659,0.376709,0.297647,0.134259
image_02292.jpg,train,CINEMATIC,0.424798,0.475894,0.381072,0.427255,0.320229,0.309120,0.340389,0.251539
image_02293.jpg,train,EDM_CHILL,0.662790,0.629442,0.606268,0.632833,0.271588,0.206895,0.400702,0.243208
image_02294.jpg,train,CINEMATIC,0.426289,0.406695,0.397274,0.410086,0.365526,0.245046,0.372307,0.322285
image_02295.jpg,train,HOUSE,0.429884,0.463604,0.495526,0.463005,0.301327,0.529698,0.880087,0.241728
image_02296.jpg,train,EDM_CHILL,0.613098,0.627004,0.625090,0.621731,0.299595,0.177345,0.350552,0.273460
image_02297.jpg,train,EDM_DROP,0.323220,0.218679,0.159437,0.233778,0.188972,0.632033,0.481025,0.173483
image_02298.jpg,test,CINEMATIC,0.375728,0.363744,0.334767,0.358080,0.448928,0.281299,0.503147,0.160056
image_02299.jpg,train,HOUSE,0.572364,0.438769,0.401361,0.470831,0.274536,0.326732,0.839133,0.282399
image_02300.jpg,train,CINEMATIC,0.337093,0.347411,0.247565,0.310690,0.206530,0.321308,0.222245,0.147375
image_02301.jpg,train,CINEMATIC,0.407942,0.421060,0.409008,0.412670,0.401289,0.284047,0.385758,0.338036
image_02302.jpg,test,HOUSE,0.387516,0.385665,0.214135,0.329106,0.183897,0.485443,0.585271,0.187590
image_02303.jpg,train,EDM_CHILL,0.323342,0.396344,0.463598,0.394428,0.504305,0.386582,0.441535,0.196708
image_02304.jpg,test,CINEMATIC,0.510011,0.439796,0.437270,0.462359,0.413200,0.263431,0.552658,0.287167
image_02305.jpg,train,HOUSE,0.447386,0.492589,0.307398,0.415791,0.216052,0.391480,0.433876,0.174617
image_02306.jpg,train,HOUSE,0.537318,0.446150,0.362658,0.448709,0.329461,0.434593,0.810016,0.230348
image_02307.jpg,train,CINEMATIC,0.563690,0.497599,0.450479,0.503923,0.165540,0.280189,0.338541,0.257878
image_02308.jpg,train,CINEMATIC,0.350180,0.329083,0.395416,0.358226,0.487217,0.256655,0.296806,0.307718
image_02309.jpg,train,CINEMATIC,0.487221,0.483330,0.469745,0.480099,0.408399,0.114383,0.157822,0.183432
image_02310.jpg,train,HOUSE,0.450727,0.409186,0.350717,0.403543,0.207834,0.347899,0.501173,0.218362
image_02311.jpg,train,EDM_CHILL,0.602420,0.640028,0.479045,0.573831,0.250647,0.282060,0.367132,0.177074
image_02312.jpg,train,CINEMATIC,0.575234,0.502512,0.483699,0.520482,0.360500,0.252716,0.402980,0.148564
image_02313.jpg,train,EDM_DROP,0.360694,0.405671,0.242352,0.336239,0.261854,0.549207,0.545364,0.275056
image_02314.jpg,train,EDM_DROP,0.326803,0.332334,0.223913,0.294350,0.261186,0.480123,0.490656,0.184972
image_02315.jpg,test,CINEMATIC,0.387373,0.340256,0.288647,0.338759,0.294851,0.376848,0.445067,0.254924
image_02316.jpg,train,HOUSE,0.362803,0.559121,0.562105,0.494677,0.475279,0.526341,1.000000,0.226298
image_02317.jpg,train,EDM_CHILL,0.597035,0.584829,0.525644,0.569169,0.178162,0.168889,0.196441,0.218117
image_02318.jpg,train,HOUSE,0.424603,0.397108,0.353745,0.391819,0.315193,0.357212,0.447369,0.204690
image_02319.jpg,train,CINEMATIC,0.513780,0.450581,0.376582,0.446981,0.173799,0.320143,0.416335,0.165672
image_02320.jpg,train,HOUSE,0.599135,0.476031,0.343405,0.472857,0.121418,0.432122,0.411113,0.133377
image_02321.jpg,train,EDM_CHILL,0.661234,0.703553,0.706009,0.690265,0.474103,0.079895,0.140768,0.143662
image_02322.jpg,train,HOUSE,0.553906,0.542684,0.277476,0.458022,0.163209,0.537360,0.538536,0.141201
image_02323.jpg,train,CINEMATIC,0.364096,0.336933,0.323720,0.341583,0.304768,0.238823,0.197840,0.271738
image_02324.jpg,train,HOUSE,0.460766,0.348677,0.337507,0.382317,0.313029,0.382295,0.684617,0.229728
image_02325.jpg,train,CINEMATIC,0.461415,0.472559,0.455140,0.463038,0.313954,0.139679,0.214754,0.219914
image_02326.jpg,train,HOUSE,0.554546,0.503993,0.357664,0.472068,0.143560,0.404061,0.435957,0.219591
image_02327.jpg,train,HOUSE,0.405259,0.398356,0.382938,0.395517,0.339596,0.359657,0.478349,0.295695
image_02328.jpg,train,EDM_DROP,0.325552,0.296895,0.283809,0.302085,0.312590,0.390740,0.272680,0.310626
image_02329.jpg,train,EDM_CHILL,0.595947,0.558003,0.484894,0.546281,0.160661,0.202177,0.366475,0.159450
image_02330.jpg,train,CINEMATIC,0.431913,0.369711,0.376077,0.392567,0.400556,0.309655,0.427582,0.257401
image_02331.jpg,test,CINEMATIC,0.428573,0.421036,0.413597,0.421069,0.405550,0.222474,0.288284,0.307499
image_02332.jpg,test,HOUSE,0.618019,0.636026,0.281178,0.511741,0.167367,0.578735,0.607262,0.120690
image_02333.jpg,train,HOUSE,0.605455,0.542189,0.512077,0.553240,0.382113,0.297610,0.763656,0.246512
image_02334.jpg,train,EDM_DROP,0.313219,0.275595,0.274672,0.287829,0.401428,0.291224,0.289442,0.179158
image_02335.jpg,train,CINEMATIC,0.505375,0.499235,0.476338,0.493649,0.371641,0.293169,0.513857,0.259260
image_02336.jpg,train,CINEMATIC,0.415723,0.413569,0.394664,0.407985,0.183494,0.094434,0.095403,0.196030
image_02337.jpg,test,EDM_DROP,0.235734,0.298154,0.194733,0.242874,0.311695,0.504706,0.415696,0.187953
image_02338.jpg,train,HOUSE,0.489132,0.430463,0.351583,0.423726,0.228372,0.346516,0.444283,0.228393
image_02339.jpg,train,CINEMATIC,0.443975,0.475071,0.383075,0.434040,0.287114,0.293365,0.345399,0.218743
image_02340.jpg,train,CINEMATIC,0.488576,0.463748,0.416610,0.456311,0.251920,0.207337,0.340287,0.235100
image_02341.jpg,train,CINEMATIC,0.392698,0.425104,0.354426,0.390743,0.273730,0.249148,0.341886,0.275089
image_02342.jpg,train,HOUSE,0.385242,0.397005,0.313087,0.365111,0.330563,0.369788,0.504975,0.212483
image_02343.jpg,train,EDM_CHILL,0.635951,0.663822,0.666427,0.655400,0.483356,0.132205,0.299537,0.124950
image_02344.jpg,train,EDM_CHILL,0.446131,0.520782,0.609107,0.525340,0.516117,0.289426,0.670301,0.259204
image_02345.jpg,train,CINEMATIC,0.451806,0.446168,0.474578,0.457517,0.512381,0.228842,0.383623,0.173969
image_02346.jpg,test,CINEMATIC,0.339653,0.304779,0.274210,0.306214,0.219100,0.274476,0.265525,0.221194
image_02347.jpg,test,HOUSE,0.481620,0.410052,0.384412,0.425361,0.427175,0.479129,0.866551,0.270434
image_02348.jpg,train,HOUSE,0.442103,0.487501,0.356539,0.428715,0.291466,0.358722,0.438404,0.235349
image_02349.jpg,train,EDM_CHILL,0.720009,0.715886,0.712466,0.716120,0.369033,0.035382,0.122539,0.148033
image_02350.jpg,train,EDM_DROP,0.307936,0.315502,0.160202,0.261213,0.242338,0.553783,0.501986,0.127178
image_02351.jpg,train,EDM_CHILL,0.572022,0.576842,0.535982,0.561615,0.245346,0.116523,0.180091,0.180261
image_02352.jpg,test,CINEMATIC,0.376650,0.394756,0.379465,0.383624,0.333095,0.163905,0.158343,0.202676
image_02353.jpg,train,EDM_DROP,0.235741,0.223430,0.226669,0.228613,0.349519,0.396912,0.326178,0.244343
image_02354.jpg,test,CINEMATIC,0.452538,0.435318,0.385914,0.424590,0.189198,0.216241,0.259490,0.271623
image_02356.jpg,train,CINEMATIC,0.378757,0.343429,0.295192,0.339126,0.245483,0.374065,0.454395,0.227085
image_02357.jpg,test,EDM_CHILL,0.583502,0.613286,0.648085,0.614958,0.546841,0.169794,0.303205,0.238210
image_02358.jpg,train,CINEMATIC,0.491181,0.480029,0.430398,0.467203,0.205967,0.187715,0.260891,0.324636
image_02359.jpg,train,CINEMATIC,0.511572,0.480950,0.458274,0.483599,0.254530,0.161038,0.279885,0.238954
image_02360.jpg,train,EDM_CHILL,0.741078,0.736150,0.626538,0.701255,0.227359,0.281930,0.549141,0.235343
image_02361.jpg,test,EDM_DROP,0.311130,0.310123,0.247215,0.289489,0.236092,0.323886,0.288623,0.219924
image_02362.jpg,train,EDM_CHILL,0.517029,0.563814,0.601059,0.560634,0.529272,0.194209,0.257732,0.291834
image_02363.jpg,train,CINEMATIC,0.483115,0.446051,0.425897,0.451688,0.255760,0.189147,0.256713,0.218781
image_02364.jpg,train,CINEMATIC,0.415180,0.411994,0.415378,0.414184,0.357111,0.158970,0.214840,0.272798
image_02365.jpg,train,HOUSE,0.540089,0.494499,0.390143,0.474910,0.184806,0.461131,0.510481,0.309760
image_02366.jpg,train,EDM_CHILL,0.625054,0.646083,0.640110,0.637082,0.380712,0.103932,0.158950,0.307962
image_02367.jpg,train,EDM_CHILL,0.346372,0.518624,0.532613,0.465870,0.457567,0.399242,0.789375,0.325123
image_02368.jpg,test,EDM_CHILL,0.490270,0.493580,0.529185,0.504345,0.432776,0.335200,0.518049,0.286415
image_02369.jpg,train,EDM_CHILL,0.463568,0.515300,0.572192,0.517020,0.314655,0.250777,0.552607,0.177380
image_02370.jpg,train,CINEMATIC,0.523442,0.540169,0.533335,0.532315,0.400808,0.207964,0.370447,0.278863
image_02371.jpg,train,HOUSE,0.615276,0.454105,0.342158,0.470513,0.226372,0.447311,0.829173,0.198754
image_02372.jpg,test,EDM_CHILL,0.652340,0.653473,0.650941,0.652251,0.417130,0.078319,0.149587,0.130459
image_02373.jpg,train,CINEMATIC,0.450856,0.476955,0.463420,0.463744,0.521219,0.238688,0.290865,0.317769
image_02374.jpg,train,HOUSE,0.533149,0.397106,0.262616,0.397624,0.132169,0.547878,0.623127,0.230926
image_02375.jpg,test,HOUSE,0.437159,0.522295,0.231857,0.397104,0.213849,0.554472,0.543570,0.166321
image_02376.jpg,train,HOUSE,0.415228,0.436261,0.338843,0.396777,0.273570,0.378513,0.372052,0.255163
image_02377.jpg,train,EDM_CHILL,0.658046,0.676885,0.634704,0.656545,0.367272,0.249639,0.439417,0.198318
image_02378.jpg,train,CINEMATIC,0.522789,0.508923,0.468310,0.500007,0.248085,0.246599,0.439591,0.271933
image_02379.jpg,train,EDM_DROP,0.277865,0.257794,0.236431,0.257363,0.211824,0.172042,0.245437,0.186613
image_02380.jpg,train,CINEMATIC,0.600270,0.492603,0.431625,0.508166,0.173076,0.315519,0.538554,0.232931
image_02381.jpg,train,CINEMATIC,0.545116,0.512729,0.533615,0.530487,0.523050,0.152235,0.373106,0.236201
image_02382.jpg,train,CINEMATIC,0.486375,0.467351,0.473452,0.475726,0.448303,0.089003,0.120504,0.192770
image_02383.jpg,train,EDM_CHILL,0.353515,0.457469,0.564923,0.458636,0.480944,0.452768,0.760276,0.231596
image_02384.jpg,train,CINEMATIC,0.492442,0.465225,0.383478,0.447048,0.178660,0.261185,0.322995,0.206790
image_02385.jpg,train,HOUSE,0.423693,0.392951,0.306731,0.374458,0.205351,0.441379,0.398063,0.308030
image_02386.jpg,train,CINEMATIC,0.515311,0.521065,0.517816,0.518064,0.310418,0.067183,0.125954,0.150208
image_02387.jpg,train,EDM_CHILL,0.564252,0.578455,0.577966,0.573558,0.411934,0.078160,0.114198,0.343289
image_02388.jpg,train,EDM_DROP,0.187636,0.182450,0.178810,0.182965,0.473567,0.288223,0.194382,0.153205
image_02389.jpg,test,EDM_DROP,0.297314,0.257753,0.243047,0.266038,0.345984,0.254734,0.390706,0.182771
image_02390.jpg,train,HOUSE,0.609651,0.435414,0.429473,0.491512,0.397122,0.408210,0.600555,0.254217
image_02391.jpg,train,CINEMATIC,0.444001,0.506878,0.432921,0.461266,0.313763,0.287668,0.484421,0.156965
image_02392.jpg,train,CINEMATIC,0.514622,0.485395,0.462373,0.487463,0.280385,0.190368,0.339896,0.193336
image_02393.jpg,train,EDM_DROP,0.254120,0.238411,0.231068,0.241200,0.337164,0.348975,0.267554,0.139932
image_02394.jpg,test,CINEMATIC,0.524697,0.475796,0.489006,0.496500,0.283292,0.308022,0.622207,0.204262
image_02395.jpg,train,EDM_DROP,0.148088,0.136895,0.076250,0.120411,0.172379,0.576214,0.281145,0.163872
image_02396.jpg,test,CINEMATIC,0.514810,0.501900,0.542490,0.519733,0.413392,0.210209,0.433972,0.288346
image_02397.jpg,train,CINEMATIC,0.529239,0.505492,0.500933,0.511888,0.270198,0.115041,0.127154,0.232226
image_02398.jpg,train,EDM_CHILL,0.702717,0.701078,0.714154,0.705983,0.351586,0.087303,0.177378,0.179409
image_02399.jpg,train,HOUSE,0.418447,0.349463,0.249168,0.339026,0.280730,0.562831,0.675478,0.214117
image_02400.jpg,test,HOUSE,0.435875,0.415687,0.322430,0.391331,0.273771,0.453073,0.526725,0.200865
image_02401.jpg,train,CINEMATIC,0.453343,0.464480,0.495620,0.471148,0.575924,0.189049,0.281232,0.268018
image_02402.jpg,train,EDM_CHILL,0.570792,0.562999,0.529604,0.554465,0.340084,0.174896,0.340192,0.238816
image_02403.jpg,train,EDM_CHILL,0.776889,0.758122,0.763866,0.766292,0.524807,0.102970,0.295251,0.161297
image_02404.jpg,test,HOUSE,0.479213,0.501740,0.321507,0.434153,0.212968,0.416483,0.508701,0.243010
image_02405.jpg,train,HOUSE,0.501990,0.383716,0.309199,0.398302,0.108837,0.420216,0.492256,0.241678
image_02406.jpg,train,HOUSE,0.514680,0.442653,0.418981,0.458771,0.397565,0.205754,0.568685,0.242690
image_02407.jpg,train,HOUSE,0.612149,0.447143,0.283247,0.447513,0.151136,0.596023,0.533822,0.239273
image_02408.jpg,train,EDM_DROP,0.220560,0.196404,0.185451,0.200805,0.421203,0.544370,0.385245,0.266963
image_02409.jpg,train,EDM_DROP,0.379562,0.372328,0.208930,0.320273,0.199912,0.516885,0.374492,0.192097
image_02410.jpg,train,HOUSE,0.525133,0.531250,0.450890,0.502425,0.218676,0.433873,0.348012,0.412172
image_02411.jpg,test,EDM_CHILL,0.547215,0.552720,0.527745,0.542560,0.353784,0.120911,0.216621,0.090671
image_02412.jpg,train,EDM_CHILL,0.781346,0.786543,0.793199,0.787030,0.477820,0.046273,0.092703,0.223807
image_02413.jpg,test,CINEMATIC,0.452176,0.438255,0.388210,0.426213,0.220291,0.202234,0.218174,0.201430
image_02414.jpg,train,EDM_DROP,0.266518,0.347732,0.317928,0.310726,0.420498,0.330038,0.220624,0.190452
image_02415.jpg,train,CINEMATIC,0.657839,0.578068,0.498985,0.578298,0.131488,0.274149,0.354512,0.208006
image_02416.jpg,train,HOUSE,0.472171,0.470843,0.327065,0.423360,0.214125,0.472265,0.549302,0.250374
image_02417.jpg,train,EDM_DROP,0.370773,0.243671,0.195506,0.269984,0.311271,0.552500,0.710045,0.209640
image_02418.jpg,train,EDM_DROP,0.371114,0.275180,0.224087,0.290127,0.383418,0.517379,0.692314,0.260877
image_02419.jpg,train,HOUSE,0.409195,0.368300,0.405732,0.394409,0.307407,0.471474,0.774410,0.239841
image_02420.jpg,train,EDM_CHILL,0.553781,0.624538,0.717094,0.631804,0.308193,0.346208,0.753942,0.197675
image_02421.jpg,test,CINEMATIC,0.416544,0.467198,0.319734,0.401159,0.261487,0.337913,0.390010,0.133189
image_02422.jpg,train,EDM_DROP,0.219091,0.247921,0.210508,0.225840,0.326470,0.330584,0.258639,0.170018
image_02423.jpg,train,HOUSE,0.457523,0.433762,0.424605,0.438630,0.400571,0.342584,0.536473,0.274172
image_02424.jpg,train,HOUSE,0.601279,0.511662,0.313289,0.475410,0.124123,0.549941,0.523014,0.229812
image_02425.jpg,train,EDM_CHILL,0.861406,0.821065,0.817726,0.833399,0.395059,0.084670,0.212948,0.210345
image_02426.jpg,train,EDM_CHILL,0.418531,0.474619,0.537197,0.476782,0.505931,0.417627,0.540995,0.258809
image_02427.jpg,train,HOUSE,0.408256,0.437440,0.261010,0.368902,0.241964,0.508865,0.549055,0.200033
image_02428.jpg,train,EDM_DROP,0.232522,0.220606,0.226243,0.226457,0.489477,0.444798,0.262607,0.253246
image_02429.jpg,train,EDM_DROP,0.348628,0.324942,0.338042,0.337204,0.464408,0.335126,0.308923,0.304059
image_02430.jpg,train,EDM_CHILL,0.582754,0.583716,0.593970,0.586813,0.516268,0.095936,0.286794,0.222460
image_02431.jpg,test,HOUSE,0.526604,0.487052,0.401550,0.471735,0.248224,0.311236,0.416801,0.137697
image_02432.jpg,test,EDM_CHILL,0.645401,0.678358,0.703910,0.675890,0.533667,0.099525,0.140187,0.157551
image_02433.jpg,test,CINEMATIC,0.406124,0.428235,0.410336,0.414899,0.390255,0.123647,0.158781,0.140332
image_02435.jpg,train,HOUSE,0.396775,0.298877,0.289519,0.328390,0.383337,0.363866,0.774675,0.207010
image_02436.jpg,train,HOUSE,0.536531,0.399466,0.204670,0.380222,0.248513,0.723508,1.000000,0.349714
image_02437.jpg,train,CINEMATIC,0.458763,0.419172,0.341181,0.406372,0.180724,0.277754,0.349359,0.251910
image_02438.jpg,test,EDM_DROP,0.245759,0.222852,0.166424,0.211679,0.370437,0.240458,0.490054,0.263778
image_02439.jpg,train,EDM_DROP,0.212369,0.314359,0.394988,0.307239,0.547368,0.558304,0.399237,0.176613
image_02440.jpg,train,HOUSE,0.466384,0.516260,0.272584,0.418409,0.223344,0.501921,0.600199,0.254832
image_02441.jpg,train,EDM_CHILL,0.436837,0.483018,0.521219,0.480358,0.525785,0.243687,0.407763,0.225247
image_02442.jpg,train,EDM_CHILL,0.404691,0.470009,0.528875,0.467858,0.537678,0.266029,0.510574,0.186488
image_02443.jpg,test,HOUSE,0.412017,0.452647,0.352841,0.405835,0.295271,0.665564,0.996154,0.237647
image_02444.jpg,train,EDM_CHILL,0.524931,0.520209,0.517501,0.520880,0.278180,0.237249,0.452335,0.272761
image_02445.jpg,train,EDM_CHILL,0.837988,0.841835,0.841894,0.840572,0.455192,0.063203,0.126073,0.264725
image_02446.jpg,train,HOUSE,0.561944,0.500787,0.442963,0.501898,0.657570,0.411460,0.639335,0.128716
image_02447.jpg,train,CINEMATIC,0.397456,0.418495,0.408718,0.408223,0.394836,0.180758,0.262644,0.182633
image_02448.jpg,train,EDM_DROP,0.191219,0.169316,0.163809,0.174781,0.254899,0.425896,0.223785,0.276797
image_02449.jpg,train,HOUSE,0.437084,0.442208,0.411514,0.430269,0.341159,0.296073,0.333960,0.320714
image_02450.jpg,train,CINEMATIC,0.475604,0.476232,0.473080,0.474972,0.355413,0.064304,0.068654,0.177455
image_02451.jpg,train,EDM_DROP,0.538172,0.395918,0.245737,0.393275,0.105468,0.558086,0.751168,0.305818
image_02452.jpg,train,HOUSE,0.370390,0.424925,0.364878,0.386731,0.326590,0.334673,0.382282,0.244778
image_02453.jpg,train,HOUSE,0.460085,0.444252,0.442921,0.449086,0.259760,0.330779,0.446472,0.234993
image_02454.jpg,train,CINEMATIC,0.540247,0.543766,0.550720,0.544911,0.428057,0.238128,0.478704,0.297808
image_02455.jpg,train,HOUSE,0.390480,0.386353,0.343207,0.373346,0.321575,0.404613,0.605740,0.240333
image_02456.jpg,train,EDM_CHILL,0.564541,0.599802,0.585322,0.583222,0.413466,0.226201,0.349861,0.351752
image_02457.jpg,train,HOUSE,0.526846,0.447969,0.390368,0.455061,0.458239,0.347853,0.434075,0.242954
image_02458.jpg,train,HOUSE,0.511757,0.469987,0.350388,0.444044,0.216552,0.388677,0.480763,0.232310
image_02459.jpg,test,EDM_DROP,0.417748,0.259936,0.167506,0.281730,0.096814,0.712376,0.612230,0.261756
image_02460.jpg,train,HOUSE,0.443144,0.433401,0.214794,0.363780,0.189186,0.584281,0.850988,0.206225
image_02461.jpg,train,HOUSE,0.390355,0.380334,0.268586,0.346425,0.214266,0.404659,0.446228,0.238572
image_02462.jpg,train,CINEMATIC,0.399826,0.387943,0.352943,0.380238,0.252774,0.230142,0.268111,0.200274
image_02463.jpg,train,CINEMATIC,0.332633,0.315423,0.313387,0.320481,0.350059,0.298793,0.242930,0.289203
image_02464.jpg,train,EDM_CHILL,0.493641,0.545317,0.458653,0.499204,0.291910,0.388264,0.599421,0.274806
image_02465.jpg,test,CINEMATIC,0.381651,0.344666,0.328503,0.351607,0.272661,0.351219,0.371298,0.298793
image_02466.jpg,test,EDM_CHILL,0.628174,0.635415,0.675633,0.646408,0.428277,0.199822,0.368802,0.165631
image_02467.jpg,train,EDM_DROP,0.329797,0.301330,0.245926,0.292351,0.273440,0.458406,0.385121,0.233876
image_02468.jpg,test,CINEMATIC,0.426303,0.398763,0.332507,0.385858,0.176345,0.227783,0.363893,0.253516
image_02469.jpg,train,CINEMATIC,0.425529,0.447583,0.416270,0.429794,0.359979,0.249681,0.501331,0.163658
image_02470.jpg,train,CINEMATIC,0.544554,0.529332,0.495627,0.523171,0.267290,0.151600,0.204838,0.219716
image_02471.jpg,train,HOUSE,0.492253,0.596987,0.198866,0.429368,0.218655,0.677188,0.659291,0.185786
image_02472.jpg,train,EDM_CHILL,0.626411,0.638234,0.535480,0.600042,0.303661,0.215573,0.382098,0.183391
image_02473.jpg,test,HOUSE,0.344562,0.369492,0.288895,0.334316,0.306467,0.394687,0.399591,0.215245
image_02474.jpg,train,HOUSE,0.635783,0.506917,0.427640,0.523447,0.125889,0.454330,0.660868,0.266852
image_02475.jpg,train,HOUSE,0.477844,0.452779,0.253323,0.394649,0.258841,0.512908,0.778188,0.191219
image_02476.jpg,train,HOUSE,0.515195,0.448179,0.351860,0.438411,0.207575,0.387861,0.600827,0.250939
image_02477.jpg,train,HOUSE,0.509938,0.458522,0.314423,0.427628,0.131867,0.558901,0.540067,0.299679
image_02478.jpg,train,HOUSE,0.508337,0.497665,0.418491,0.474831,0.299422,0.335488,0.489302,0.227619
image_02479.jpg,train,CINEMATIC,0.591045,0.587686,0.554983,0.577904,0.273562,0.177450,0.236157,0.334054
image_02480.jpg,train,CINEMATIC,0.489921,0.505368,0.516799,0.504029,0.406767,0.129968,0.147329,0.273866
image_02481.jpg,test,HOUSE,0.733787,0.672247,0.625110,0.677048,0.311424,0.292210,0.518224,0.280397
image_02482.jpg,train,CINEMATIC,0.348965,0.320851,0.290904,0.320240,0.123626,0.337730,0.156785,0.288111
image_02483.jpg,train,CINEMATIC,0.481588,0.487615,0.452552,0.473918,0.329652,0.222957,0.335258,0.257103
image_02484.jpg,test,CINEMATIC,0.492285,0.506300,0.522105,0.506896,0.480215,0.218094,0.354135,0.250992
image_02485.jpg,train,EDM_DROP,0.213070,0.213855,0.201331,0.209418,0.120683,0.054808,0.119405,0.082742
image_02486.jpg,train,EDM_CHILL,0.529217,0.560879,0.576013,0.555370,0.381467,0.229554,0.364303,0.204686
image_02487.jpg,train,CINEMATIC,0.349085,0.380548,0.307986,0.345873,0.283312,0.271703,0.298501,0.190721
image_02488.jpg,train,HOUSE,0.449860,0.429907,0.268952,0.382906,0.208966,0.436486,0.484726,0.238665
image_02489.jpg,train,EDM_CHILL,0.679778,0.674284,0.678318,0.677460,0.396553,0.088956,0.210846,0.247595
image_02490.jpg,train,CINEMATIC,0.535409,0.505059,0.485848,0.508772,0.331472,0.264894,0.358237,0.289977
image_02491.jpg,train,HOUSE,0.671905,0.601402,0.519799,0.597702,0.349192,0.372732,0.682470,0.234071
image_02492.jpg,train,EDM_CHILL,0.489593,0.531226,0.553104,0.524641,0.407570,0.380718,0.596267,0.220084
image_02493.jpg,train,CINEMATIC,0.622863,0.592124,0.548768,0.587918,0.334740,0.265293,0.412037,0.359428
image_02494.jpg,test,HOUSE,0.594199,0.473599,0.315308,0.461035,0.098694,0.526257,0.452241,0.229122
image_02495.jpg,train,EDM_CHILL,0.440290,0.651996,0.730941,0.607742,0.498527,0.426699,0.922294,0.208051
image_02496.jpg,train,HOUSE,0.336903,0.379713,0.296300,0.337639,0.310973,0.351617,0.431434,0.206874
image_02498.jpg,test,CINEMATIC,0.367111,0.389173,0.324844,0.360376,0.230511,0.326296,0.245123,0.286985
image_02499.jpg,train,HOUSE,0.490275,0.383783,0.347632,0.407230,0.246089,0.355882,0.430467,0.213617
image_02500.jpg,test,HOUSE,0.434025,0.388548,0.247452,0.356675,0.312762,0.539602,0.699804,0.208946
image_02501.jpg,train,HOUSE,0.637984,0.532466,0.547628,0.572692,0.460350,0.221137,0.675344,0.296596
image_02502.jpg,train,HOUSE,0.396086,0.484472,0.371186,0.417248,0.320070,0.330328,0.344301,0.244791
image_02503.jpg,test,EDM_CHILL,0.585124,0.564890,0.551162,0.567059,0.317515,0.171745,0.361210,0.345442
image_02504.jpg,train,CINEMATIC,0.385994,0.410336,0.388540,0.394957,0.429178,0.263621,0.401431,0.251723
image_02505.jpg,train,EDM_CHILL,0.649746,0.778246,0.879945,0.769312,0.560855,0.286346,0.433609,0.161526
image_02506.jpg,train,HOUSE,0.458775,0.484139,0.418356,0.453757,0.342021,0.438260,0.523363,0.267555
image_02507.jpg,train,HOUSE,0.713051,0.668266,0.647778,0.676365,0.358625,0.272533,0.646389,0.247069
image_02508.jpg,train,HOUSE,0.369923,0.388531,0.338875,0.365777,0.268016,0.387149,0.501571,0.280447
image_02509.jpg,train,CINEMATIC,0.371429,0.387432,0.391185,0.383349,0.410643,0.175188,0.211593,0.239885
image_02510.jpg,train,HOUSE,0.711586,0.647453,0.541209,0.633416,0.114683,0.279350,0.368561,0.255503
image_02511.jpg,test,EDM_CHILL,0.605413,0.651772,0.763430,0.673539,0.610847,0.211645,0.224153,0.087492
image_02512.jpg,train,EDM_CHILL,0.654878,0.668594,0.686795,0.670089,0.297661,0.061253,0.191186,0.355792
image_02513.jpg,train,CINEMATIC,0.437553,0.499400,0.519023,0.485325,0.491013,0.238333,0.316651,0.192431
image_02514.jpg,train,HOUSE,0.435486,0.478866,0.246755,0.387036,0.213674,0.541739,0.532047,0.193382
image_02515.jpg,train,CINEMATIC,0.536313,0.465877,0.475253,0.492481,0.425189,0.231158,0.431060,0.304553
image_02516.jpg,test,HOUSE,0.444800,0.451715,0.425710,0.440742,0.383104,0.384983,0.541581,0.262307
image_02517.jpg,train,HOUSE,0.556068,0.493347,0.399481,0.482965,0.291900,0.344279,0.662338,0.188048
image_02518.jpg,train,HOUSE,0.474855,0.492480,0.250846,0.406060,0.172916,0.559346,0.653945,0.186822
image_02519.jpg,train,EDM_CHILL,0.603941,0.581212,0.547477,0.577543,0.275741,0.178462,0.296114,0.308826
image_02520.jpg,train,HOUSE,0.351418,0.338643,0.257429,0.315830,0.274736,0.337381,0.504424,0.177880
image_02521.jpg,test,HOUSE,0.509243,0.491130,0.350525,0.450299,0.193010,0.503279,0.549671,0.323791
image_02522.jpg,train,CINEMATIC,0.489186,0.427180,0.426371,0.447579,0.377632,0.171127,0.519742,0.238376
image_02523.jpg,train,HOUSE,0.530360,0.553083,0.462970,0.515471,0.280536,0.296139,0.464159,0.311323
image_02524.jpg,train,EDM_DROP,0.297048,0.251749,0.231186,0.259994,0.273679,0.282300,0.383222,0.214249
image_02525.jpg,test,HOUSE,0.405442,0.424686,0.229030,0.353053,0.242566,0.678115,0.743290,0.169276
image_02526.jpg,train,CINEMATIC,0.416666,0.395126,0.394915,0.402236,0.326722,0.213026,0.244970,0.297475
image_02527.jpg,train,HOUSE,0.456583,0.498461,0.406762,0.453935,0.364137,0.309259,0.429498,0.237143
image_02528.jpg,train,EDM_DROP,0.442158,0.289667,0.207701,0.313175,0.063878,0.584511,0.437997,0.174571
image_02529.jpg,train,CINEMATIC,0.517433,0.512822,0.521924,0.517393,0.465509,0.139086,0.209582,0.291737
image_02530.jpg,train,HOUSE,0.434105,0.345443,0.322409,0.367319,0.352660,0.343273,0.477558,0.220652
image_02531.jpg,train,HOUSE,0.293288,0.413226,0.336948,0.347821,0.430506,0.399716,0.368773,0.158110
image_02532.jpg,train,EDM_DROP,0.259170,0.237946,0.184581,0.227233,0.267185,0.615162,0.498559,0.227752
image_02533.jpg,train,HOUSE,0.441528,0.443575,0.415814,0.433639,0.253391,0.424997,0.759698,0.290781
image_02534.jpg,train,HOUSE,0.491453,0.363445,0.326548,0.393815,0.200413,0.447706,0.495881,0.232353
image_02535.jpg,train,EDM_CHILL,0.557856,0.607740,0.766285,0.643960,0.625881,0.281660,0.315819,0.081499
image_02536.jpg,train,CINEMATIC,0.502537,0.460195,0.444523,0.469085,0.403964,0.208423,0.386680,0.330194
image_02537.jpg,train,EDM_CHILL,0.539385,0.583479,0.588145,0.570336,0.475606,0.202211,0.209984,0.327434
image_02538.jpg,test,CINEMATIC,0.382875,0.342650,0.277180,0.334235,0.131427,0.394164,0.230971,0.266524
image_02539.jpg,train,CINEMATIC,0.557836,0.562933,0.534647,0.551805,0.291683,0.174301,0.281063,0.298328
image_02540.jpg,train,EDM_DROP,0.244486,0.249233,0.235773,0.243164,0.362284,0.300189,0.190522,0.236679
image_02541.jpg,train,CINEMATIC,0.627175,0.567545,0.437548,0.544089,0.132448,0.311179,0.327504,0.083319
image_02542.jpg,train,CINEMATIC,0.436128,0.423651,0.406932,0.422237,0.307704,0.185519,0.257276,0.293480
image_02543.jpg,train,EDM_DROP,0.276573,0.284262,0.283559,0.281465,0.363401,0.404099,0.323161,0.312837
image_02544.jpg,train,CINEMATIC,0.457368,0.483648,0.514970,0.485329,0.570356,0.128961,0.160041,0.204972
image_02545.jpg,train,CINEMATIC,0.601278,0.532716,0.502250,0.545415,0.407423,0.233661,0.393284,0.181810
image_02546.jpg,test,EDM_CHILL,0.651975,0.648271,0.685493,0.661913,0.564398,0.207308,0.346827,0.331120
image_02547.jpg,test,HOUSE,0.337983,0.495559,0.155115,0.329552,0.273383,0.714148,0.759144,0.193476
image_02548.jpg,train,HOUSE,0.314802,0.323954,0.269408,0.302721,0.270341,0.434066,0.520400,0.233864
image_02549.jpg,train,EDM_DROP,0.347901,0.352513,0.312251,0.337555,0.318422,0.418542,0.304413,0.292955
image_02550.jpg,test,CINEMATIC,0.538281,0.484222,0.416324,0.479609,0.154842,0.245864,0.359639,0.220200
image_02551.jpg,train,HOUSE,0.624742,0.380171,0.321720,0.442211,0.334685,0.486697,1.000000,0.198878
image_02552.jpg,train,EDM_CHILL,0.756992,0.763632,0.778027,0.766217,0.479926,0.086579,0.219064,0.208144
image_02553.jpg,train,CINEMATIC,0.535235,0.571753,0.576116,0.561035,0.499298,0.177118,0.260122,0.305183
image_02554.jpg,train,EDM_CHILL,0.603499,0.605039,0.601450,0.603329,0.414908,0.145779,0.252718,0.184112
image_02555.jpg,test,CINEMATIC,0.473961,0.459764,0.455438,0.463054,0.375269,0.092838,0.148826,0.183467
image_02556.jpg,train,CINEMATIC,0.497943,0.493056,0.484715,0.491904,0.400908,0.159142,0.263686,0.235109
image_02557.jpg,train,EDM_DROP,0.197921,0.168553,0.176259,0.180911,0.332394,0.315327,0.393603,0.231532
image_02558.jpg,train,EDM_CHILL,0.545967,0.586339,0.588773,0.573693,0.382272,0.241978,0.368900,0.320676
image_02559.jpg,train,EDM_DROP,0.335127,0.302876,0.238688,0.292230,0.228155,0.290702,0.511034,0.168419
image_02560.jpg,test,EDM_DROP,0.269674,0.262553,0.251349,0.261192,0.171345,0.131091,0.161111,0.290855
image_02561.jpg,train,EDM_CHILL,0.773728,0.782331,0.780835,0.778965,0.473333,0.068511,0.120940,0.242419
image_02562.jpg,train,EDM_CHILL,0.566598,0.542648,0.527818,0.545688,0.348030,0.183413,0.328165,0.259264
image_02563.jpg,train,EDM_DROP,0.152944,0.129898,0.123976,0.135606,0.161338,0.187270,0.298999,0.209329
image_02564.jpg,train,EDM_CHILL,0.389265,0.456985,0.505312,0.450521,0.495388,0.254930,0.312421,0.099970
image_02565.jpg,test,EDM_DROP,0.115247,0.083364,0.066827,0.088479,0.118068,0.311034,0.434017,0.184057
image_02566.jpg,train,HOUSE,0.489630,0.510441,0.337453,0.445841,0.256156,0.456712,0.503853,0.267962
image_02567.jpg,test,HOUSE,0.488881,0.467698,0.416808,0.457796,0.337063,0.318151,0.571617,0.247276
image_02568.jpg,train,HOUSE,0.451675,0.403104,0.365149,0.406642,0.192127,0.297792,0.439665,0.229386
image_02569.jpg,train,EDM_CHILL,0.534995,0.605885,0.683394,0.608091,0.569590,0.284193,0.326231,0.285565
image_02570.jpg,test,CINEMATIC,0.426901,0.397399,0.328508,0.384270,0.138061,0.256286,0.239160,0.111671
image_02571.jpg,train,EDM_CHILL,0.645846,0.615975,0.686902,0.649574,0.561267,0.235686,0.418781,0.288423
image_02572.jpg,test,HOUSE,0.376528,0.369289,0.382121,0.375980,0.523774,0.525348,0.783364,0.192996
image_02573.jpg,train,EDM_DROP,0.087007,0.087242,0.095923,0.090057,0.449038,0.664499,0.557821,0.154874
image_02575.jpg,train,EDM_DROP,0.067893,0.067796,0.041584,0.059091,0.243534,0.635527,0.207495,0.097590
image_02576.jpg,train,CINEMATIC,0.423078,0.469827,0.507681,0.466862,0.547895,0.285747,0.390180,0.243413
image_02577.jpg,train,EDM_CHILL,0.283917,0.362683,0.423445,0.356682,0.485772,0.444826,0.564421,0.200225
image_02578.jpg,train,CINEMATIC,0.484476,0.477192,0.471543,0.477737,0.385781,0.212027,0.307817,0.235505
image_02579.jpg,train,CINEMATIC,0.482117,0.488059,0.469227,0.479801,0.390973,0.157487,0.195387,0.258081
image_02580.jpg,train,EDM_DROP,0.283251,0.345234,0.426877,0.351787,0.587849,0.574497,0.396915,0.301179
image_02581.jpg,train,EDM_DROP,0.464050,0.312383,0.147719,0.308051,0.118901,0.707964,0.638883,0.193172
image_02582.jpg,train,EDM_CHILL,0.455411,0.467961,0.513065,0.478812,0.537730,0.268950,0.369483,0.253549
image_02583.jpg,train,CINEMATIC,0.383746,0.336397,0.277698,0.332614,0.221820,0.348475,0.524659,0.238361
image_02584.jpg,train,CINEMATIC,0.475436,0.434387,0.365277,0.425033,0.125964,0.246074,0.243434,0.182521
image_02585.jpg,train,HOUSE,0.441888,0.438962,0.382653,0.421168,0.263598,0.358885,0.562678,0.262553
image_02586.jpg,train,EDM_DROP,0.306525,0.227048,0.200873,0.244815,0.169544,0.404554,0.434261,0.241809
image_02587.jpg,train,EDM_CHILL,0.711595,0.605752,0.584045,0.633797,0.200012,0.238039,0.446855,0.258951
image_02588.jpg,train,HOUSE,0.594139,0.464820,0.352565,0.470508,0.146132,0.482285,0.710445,0.277910
image_02589.jpg,train,HOUSE,0.403681,0.335503,0.298066,0.345750,0.307764,0.420626,0.545345,0.212807
image_02590.jpg,test,HOUSE,0.603781,0.503117,0.383393,0.496763,0.146660,0.474910,0.545471,0.309995
image_02591.jpg,train,EDM_DROP,0.200725,0.099969,0.092243,0.130979,0.430639,0.720419,0.467135,0.194267
image_02592.jpg,train,CINEMATIC,0.477521,0.513117,0.438302,0.476313,0.320938,0.280048,0.371367,0.183912
image_02593.jpg,test,HOUSE,0.510319,0.435456,0.302986,0.416254,0.139945,0.459720,0.424822,0.254078
image_02594.jpg,train,HOUSE,0.563528,0.488455,0.330135,0.460706,0.182480,0.508963,0.674938,0.281271
image_02595.jpg,train,CINEMATIC,0.488920,0.513890,0.544218,0.515676,0.417383,0.156917,0.265192,0.255029
image_02596.jpg,train,CINEMATIC,0.492022,0.484132,0.435922,0.470692,0.244829,0.306463,0.224336,0.308439
image_02597.jpg,train,CINEMATIC,0.458346,0.455602,0.433609,0.449185,0.326153,0.147740,0.172489,0.228776
image_02599.jpg,train,HOUSE,0.561926,0.580450,0.469643,0.537340,0.298799,0.319846,0.515283,0.239807
image_02600.jpg,train,EDM_DROP,0.273699,0.293652,0.218096,0.261816,0.290974,0.517404,0.480808,0.267807
image_02601.jpg,train,HOUSE,0.395222,0.498042,0.402279,0.431847,0.377521,0.467280,0.473227,0.230593
image_02602.jpg,train,CINEMATIC,0.371890,0.367959,0.358238,0.366029,0.355223,0.142738,0.190921,0.202819
image_02603.jpg,train,HOUSE,0.509727,0.426778,0.393326,0.443277,0.335603,0.437869,0.701056,0.272363
image_02604.jpg,train,CINEMATIC,0.420123,0.352147,0.320561,0.364277,0.274555,0.300917,0.466848,0.228915
image_02605.jpg,train,HOUSE,0.451549,0.437447,0.305987,0.398328,0.247469,0.404466,0.523727,0.212394
image_02606.jpg,test,HOUSE,0.511782,0.424020,0.392087,0.442630,0.273606,0.280840,0.546313,0.370102
image_02607.jpg,train,EDM_CHILL,0.809072,0.790923,0.756228,0.785408,0.160896,0.145249,0.377247,0.324649
image_02608.jpg,test,CINEMATIC,0.500193,0.505031,0.391728,0.465651,0.181966,0.300178,0.269120,0.258863
image_02609.jpg,train,EDM_CHILL,0.661285,0.669285,0.680164,0.670245,0.403340,0.213851,0.420268,0.260308
image_02610.jpg,train,CINEMATIC,0.577524,0.522766,0.435701,0.511997,0.206441,0.294376,0.412203,0.209893
image_02612.jpg,train,HOUSE,0.501965,0.376886,0.271299,0.383383,0.128588,0.486881,0.647579,0.238071
image_02613.jpg,test,HOUSE,0.349147,0.352331,0.237205,0.312894,0.261710,0.643396,0.596436,0.247697
image_02614.jpg,train,CINEMATIC,0.513904,0.509424,0.480053,0.501127,0.346559,0.146728,0.220814,0.160240
image_02615.jpg,train,CINEMATIC,0.448062,0.458009,0.391784,0.432618,0.292925,0.306522,0.497246,0.184125
image_02616.jpg,train,CINEMATIC,0.389361,0.364359,0.345559,0.366426,0.272171,0.273151,0.340565,0.199025
image_02617.jpg,train,EDM_DROP,0.177768,0.193062,0.216329,0.195720,0.399131,0.355967,0.277600,0.172865
image_02618.jpg,test,HOUSE,0.688310,0.659562,0.633916,0.660596,0.288696,0.259264,0.603176,0.355488
image_02619.jpg,test,HOUSE,0.725921,0.538562,0.507817,0.590767,0.275408,0.344893,0.858445,0.265318
image_02620.jpg,train,CINEMATIC,0.443092,0.329186,0.302775,0.358351,0.248682,0.358230,0.378083,0.215494
image_02621.jpg,train,CINEMATIC,0.538287,0.486260,0.478086,0.500877,0.382710,0.242806,0.388752,0.280112
image_02622.jpg,train,CINEMATIC,0.386885,0.387285,0.400546,0.391572,0.427935,0.254192,0.301229,0.221823
image_02623.jpg,test,CINEMATIC,0.525295,0.506342,0.501312,0.510983,0.382667,0.143317,0.213495,0.141156
image_02624.jpg,train,CINEMATIC,0.479912,0.476332,0.479252,0.478499,0.398740,0.074849,0.104791,0.147649
image_02625.jpg,train,HOUSE,0.438302,0.563150,0.294465,0.431972,0.265283,0.499039,0.588254,0.243449
image_02626.jpg,train,HOUSE,0.537610,0.591334,0.349599,0.492848,0.247862,0.449347,0.537494,0.129235
image_02627.jpg,train,EDM_DROP,0.252652,0.190958,0.142458,0.195356,0.333720,0.608402,0.647565,0.279790
image_02628.jpg,train,EDM_CHILL,0.506266,0.548029,0.582537,0.545611,0.524692,0.177052,0.248729,0.236325
image_02629.jpg,train,EDM_CHILL,0.542504,0.655376,0.656420,0.618100,0.465842,0.397363,0.598662,0.275086
image_02630.jpg,train,CINEMATIC,0.321690,0.360402,0.293842,0.325311,0.388337,0.325398,0.401223,0.229783
image_02631.jpg,train,CINEMATIC,0.332273,0.315396,0.298024,0.315231,0.295773,0.249863,0.237269,0.163210
image_02632.jpg,train,HOUSE,0.443640,0.456108,0.501272,0.467007,0.491573,0.271609,0.609789,0.266206
image_02633.jpg,train,HOUSE,0.445796,0.486944,0.344233,0.425657,0.283165,0.351324,0.455813,0.285189
image_02634.jpg,train,HOUSE,0.384963,0.444983,0.438944,0.422964,0.348276,0.403238,0.608216,0.201768
image_02635.jpg,test,HOUSE,0.582335,0.407950,0.359503,0.449929,0.108845,0.437171,0.772333,0.152875
image_02636.jpg,train,EDM_CHILL,0.561840,0.579405,0.604931,0.582059,0.463133,0.151094,0.172047,0.314497
image_02637.jpg,train,HOUSE,0.501355,0.589744,0.240969,0.444023,0.219023,0.671657,0.771014,0.188467
image_02638.jpg,train,HOUSE,0.483979,0.522532,0.384769,0.463760,0.291789,0.419864,0.633609,0.229180
image_02639.jpg,train,CINEMATIC,0.316020,0.319290,0.316971,0.317427,0.329687,0.408531,0.374066,0.248188
image_02640.jpg,train,CINEMATIC,0.484762,0.478736,0.469397,0.477632,0.310676,0.114264,0.137444,0.261897
image_02641.jpg,train,CINEMATIC,0.499055,0.486352,0.487559,0.490989,0.425522,0.200984,0.259799,0.281996
image_02642.jpg,train,EDM_DROP,0.257621,0.228580,0.172206,0.219469,0.143492,0.573281,0.204753,0.260696
image_02643.jpg,train,CINEMATIC,0.524464,0.449048,0.396560,0.456691,0.222594,0.309399,0.368909,0.257223
image_02644.jpg,train,EDM_CHILL,0.587750,0.586842,0.583863,0.586152,0.336414,0.200327,0.311633,0.125567
image_02645.jpg,train,EDM_CHILL,0.385798,0.441986,0.454172,0.427319,0.458052,0.265096,0.381199,0.108207
image_02646.jpg,train,EDM_DROP,0.274674,0.231197,0.247226,0.251033,0.437460,0.409705,0.451268,0.245531
image_02647.jpg,train,EDM_CHILL,0.460738,0.519171,0.572378,0.517429,0.405012,0.267889,0.347007,0.217601
image_02648.jpg,train,EDM_DROP,0.394148,0.381390,0.220367,0.331969,0.163563,0.609870,0.381293,0.243567
image_02649.jpg,train,EDM_CHILL,0.532391,0.554393,0.529579,0.538788,0.334411,0.221014,0.409931,0.185336
image_02650.jpg,train,HOUSE,0.445220,0.376550,0.382802,0.401524,0.396414,0.331862,0.579531,0.240786
image_02652.jpg,test,CINEMATIC,0.528944,0.532901,0.487159,0.516335,0.335495,0.186349,0.348579,0.182547
image_02653.jpg,train,CINEMATIC,0.450003,0.447040,0.406953,0.434666,0.312988,0.264165,0.401108,0.289335
image_02654.jpg,train,EDM_CHILL,0.528908,0.639498,0.644625,0.604344,0.432355,0.348487,0.603379,0.187447
image_02655.jpg,test,HOUSE,0.522427,0.298560,0.148556,0.323181,0.146036,0.683200,1.000000,0.189742
image_02656.jpg,train,CINEMATIC,0.437627,0.425993,0.465086,0.442902,0.430273,0.274691,0.462327,0.281527
image_02657.jpg,train,EDM_DROP,0.209072,0.234735,0.259771,0.234526,0.433633,0.368985,0.553394,0.179764
image_02658.jpg,test,HOUSE,0.357658,0.398651,0.277695,0.344668,0.256888,0.426550,0.507539,0.321701
image_02659.jpg,test,HOUSE,0.343252,0.399156,0.267994,0.336801,0.292293,0.444440,0.455074,0.242407
image_02660.jpg,train,CINEMATIC,0.417777,0.320544,0.268946,0.335756,0.163529,0.394453,0.325885,0.169223
image_02661.jpg,test,EDM_CHILL,0.491970,0.578144,0.599868,0.556660,0.384595,0.376738,0.726619,0.204619
image_02662.jpg,train,EDM_DROP,0.322958,0.267560,0.206348,0.265622,0.221153,0.395193,0.429272,0.200198
image_02663.jpg,test,EDM_DROP,0.301324,0.298621,0.369287,0.323077,0.451861,0.425240,0.642423,0.224050
image_02664.jpg,train,EDM_DROP,0.299487,0.256992,0.213748,0.256742,0.317752,0.469784,0.432755,0.237541
image_02665.jpg,train,HOUSE,0.362894,0.378562,0.177516,0.306324,0.214131,0.676243,0.611076,0.236482
image_02666.jpg,train,EDM_CHILL,0.633833,0.626607,0.616558,0.625666,0.311925,0.116913,0.211981,0.279468
image_02667.jpg,train,EDM_CHILL,0.522232,0.620851,0.698875,0.613986,0.531715,0.261559,0.419481,0.146067
image_02668.jpg,train,EDM_DROP,0.297794,0.255270,0.209822,0.254295,0.134982,0.318070,0.306597,0.157757
image_02669.jpg,train,EDM_DROP,0.380176,0.358470,0.277837,0.338828,0.284007,0.323713,0.448550,0.287345
image_02670.jpg,train,EDM_CHILL,0.422540,0.461774,0.501181,0.461831,0.458931,0.263804,0.352456,0.208745
image_02671.jpg,train,HOUSE,0.491058,0.547532,0.416150,0.484913,0.297010,0.395455,0.596324,0.245015
image_02672.jpg,train,CINEMATIC,0.528862,0.538914,0.527328,0.531701,0.434216,0.168909,0.240821,0.218464
image_02673.jpg,train,EDM_CHILL,0.570978,0.591291,0.582694,0.581654,0.302272,0.207369,0.308383,0.257455
image_02674.jpg,train,EDM_DROP,0.339684,0.239380,0.211346,0.263470,0.163343,0.519981,0.493832,0.249794
image_02675.jpg,train,HOUSE,0.520539,0.501618,0.426119,0.482759,0.295477,0.398841,0.666214,0.180527
image_02676.jpg,train,HOUSE,0.666732,0.490562,0.323908,0.493734,0.160255,0.537889,0.729718,0.226889
image_02677.jpg,train,HOUSE,0.468780,0.336577,0.266683,0.357346,0.171069,0.564092,0.601931,0.244577
image_02678.jpg,train,EDM_DROP,0.264076,0.183060,0.088238,0.178458,0.109172,0.643378,0.518448,0.199767
image_02679.jpg,train,EDM_DROP,0.225034,0.173222,0.142042,0.180099,0.238170,0.444405,0.396449,0.150638
image_02680.jpg,test,EDM_CHILL,0.612260,0.633162,0.574709,0.606710,0.407111,0.199261,0.545903,0.168566
image_02681.jpg,train,CINEMATIC,0.454337,0.436043,0.400372,0.430251,0.320021,0.225158,0.424474,0.246838
image_02682.jpg,test,HOUSE,0.411781,0.472032,0.229743,0.371186,0.232938,0.506596,0.581108,0.253985
image_02683.jpg,train,CINEMATIC,0.459226,0.429982,0.379781,0.422996,0.212404,0.296626,0.333684,0.248319
image_02684.jpg,train,EDM_DROP,0.201882,0.142230,0.108301,0.150804,0.230785,0.421243,0.372938,0.208236
image_02685.jpg,train,HOUSE,0.428101,0.446062,0.323154,0.399106,0.231419,0.472812,0.705860,0.262967
image_02686.jpg,train,CINEMATIC,0.508252,0.485123,0.454835,0.482737,0.325817,0.234791,0.336433,0.269807
image_02687.jpg,train,CINEMATIC,0.557875,0.548407,0.536236,0.547506,0.347589,0.142229,0.158091,0.272080
image_02688.jpg,train,HOUSE,0.424763,0.474689,0.513043,0.470832,0.493431,0.252093,0.604610,0.328088
image_02689.jpg,train,EDM_CHILL,0.397185,0.436592,0.531634,0.455137,0.610298,0.339672,0.381169,0.226392
image_02690.jpg,train,CINEMATIC,0.583326,0.574183,0.552285,0.569931,0.265740,0.195184,0.271962,0.365624
image_02691.jpg,train,EDM_DROP,0.203934,0.183250,0.209421,0.198868,0.501501,0.478219,0.372031,0.167979
image_02692.jpg,test,HOUSE,0.427838,0.530437,0.405040,0.454438,0.387651,0.334644,0.415909,0.238058
image_02693.jpg,train,HOUSE,0.421085,0.297737,0.183339,0.300720,0.200369,0.676390,0.798605,0.313989
image_02694.jpg,train,CINEMATIC,0.364323,0.358261,0.371730,0.364771,0.422996,0.238905,0.275345,0.296932
image_02695.jpg,train,HOUSE,0.440666,0.333817,0.302569,0.359017,0.138216,0.430882,0.484728,0.214022
image_02696.jpg,test,HOUSE,0.532467,0.525128,0.429827,0.495807,0.220596,0.304402,0.434936,0.217183
image_02697.jpg,train,HOUSE,0.329158,0.466137,0.589015,0.461437,0.397160,0.520067,1.000000,0.151178
image_02698.jpg,train,HOUSE,0.554829,0.489446,0.242758,0.429011,0.151017,0.540496,0.848094,0.194791
image_02700.jpg,train,EDM_DROP,0.344052,0.229595,0.173000,0.248882,0.115065,0.683970,0.493250,0.243939
image_02701.jpg,train,CINEMATIC,0.504216,0.506211,0.503257,0.504561,0.433362,0.102584,0.135549,0.268110
image_02702.jpg,train,HOUSE,0.504871,0.520179,0.514375,0.513142,0.389891,0.512600,0.752201,0.334291
image_02703.jpg,test,EDM_CHILL,0.522235,0.519998,0.447329,0.496521,0.408054,0.299568,0.425086,0.184191
image_02704.jpg,train,HOUSE,0.655340,0.513213,0.427605,0.532053,0.149254,0.362641,0.913257,0.252842
image_02705.jpg,train,CINEMATIC,0.502234,0.482100,0.440498,0.474944,0.252663,0.185309,0.264829,0.212348
image_02706.jpg,train,CINEMATIC,0.471130,0.458111,0.463357,0.464199,0.471659,0.153338,0.325158,0.245646
image_02707.jpg,train,EDM_CHILL,0.527097,0.500924,0.513184,0.513735,0.474833,0.198146,0.254497,0.324127
image_02708.jpg,train,EDM_CHILL,0.372158,0.471253,0.336729,0.393380,0.334941,0.408587,0.436409,0.193533
image_02709.jpg,test,EDM_DROP,0.329371,0.376837,0.287720,0.331309,0.377719,0.612244,1.000000,0.209351
image_02710.jpg,train,CINEMATIC,0.585261,0.560532,0.527365,0.557719,0.231300,0.206334,0.394051,0.349087
image_02711.jpg,train,CINEMATIC,0.419813,0.403840,0.350108,0.391253,0.245038,0.205962,0.304506,0.253706
image_02712.jpg,train,HOUSE,0.514523,0.447727,0.443317,0.468522,0.436820,0.360534,0.676601,0.300168
image_02713.jpg,train,CINEMATIC,0.375495,0.358337,0.278252,0.337361,0.259269,0.357401,0.476151,0.214856
image_02714.jpg,train,CINEMATIC,0.448077,0.419185,0.427527,0.431596,0.510486,0.167487,0.217961,0.266237
image_02715.jpg,test,CINEMATIC,0.511001,0.540886,0.420559,0.490815,0.228824,0.249867,0.418763,0.157915
image_02716.jpg,train,HOUSE,0.490352,0.482781,0.405275,0.459470,0.275270,0.344886,0.462374,0.250462
image_02717.jpg,train,HOUSE,0.526015,0.444883,0.422532,0.464476,0.293784,0.333378,0.519167,0.326843
image_02718.jpg,train,HOUSE,0.574248,0.571130,0.537026,0.560801,0.402533,0.367798,0.518601,0.320983
image_02719.jpg,train,EDM_DROP,0.268924,0.326236,0.178384,0.257848,0.242840,0.510809,0.394367,0.139377
image_02720.jpg,train,HOUSE,0.462966,0.534318,0.358510,0.451931,0.309627,0.528899,0.787670,0.264585
image_02721.jpg,train,EDM_CHILL,0.755068,0.792672,0.832751,0.793497,0.575726,0.096588,0.126308,0.119609
image_02722.jpg,train,HOUSE,0.393657,0.388103,0.354488,0.378749,0.365774,0.428652,0.538223,0.278685
image_02723.jpg,train,CINEMATIC,0.509855,0.439858,0.373469,0.441061,0.135024,0.322515,0.310235,0.171674
image_02724.jpg,train,HOUSE,0.394703,0.397506,0.362805,0.385005,0.358931,0.379529,0.521784,0.320754
image_02725.jpg,train,EDM_CHILL,0.363015,0.405436,0.386937,0.385129,0.376909,0.383560,0.485977,0.239273
image_02726.jpg,train,HOUSE,0.678764,0.539431,0.430446,0.549547,0.091781,0.383090,0.487496,0.204076
image_02727.jpg,test,EDM_DROP,0.314353,0.301596,0.317625,0.311191,0.507004,0.398055,0.200192,0.328364
image_02728.jpg,train,EDM_DROP,0.435458,0.391420,0.272906,0.366595,0.340558,0.471812,0.861646,0.378758
image_02729.jpg,train,CINEMATIC,0.658161,0.628814,0.569352,0.618776,0.272355,0.198929,0.437344,0.280649
image_02730.jpg,train,CINEMATIC,0.481991,0.472566,0.465246,0.473268,0.397049,0.173223,0.352390,0.206183
image_02731.jpg,test,CINEMATIC,0.597749,0.575262,0.545677,0.572896,0.345003,0.206804,0.357653,0.286476
image_02732.jpg,train,EDM_CHILL,0.697246,0.621731,0.599808,0.639595,0.226091,0.209538,0.449550,0.281998
image_02733.jpg,train,EDM_DROP,0.394869,0.312223,0.195128,0.300740,0.256823,0.610962,0.847817,0.233334
image_02734.jpg,train,EDM_CHILL,0.514092,0.516331,0.579484,0.536636,0.648222,0.215505,0.289395,0.244714
image_02735.jpg,test,CINEMATIC,0.392467,0.314187,0.287721,0.331459,0.128501,0.346955,0.308013,0.243798
image_02736.jpg,test,CINEMATIC,0.345244,0.335664,0.336575,0.339161,0.415506,0.254353,0.443460,0.208235
image_02737.jpg,train,CINEMATIC,0.331376,0.351936,0.282994,0.322102,0.330970,0.369207,0.404583,0.187092
image_02738.jpg,train,HOUSE,0.516197,0.569921,0.348762,0.478293,0.234683,0.423291,0.479463,0.221482
image_02739.jpg,test,CINEMATIC,0.453192,0.467742,0.442849,0.454594,0.266898,0.225896,0.320637,0.182168
image_02740.jpg,train,CINEMATIC,0.596805,0.594086,0.589670,0.593521,0.417386,0.096904,0.148773,0.206271
image_02741.jpg,test,EDM_DROP,0.367258,0.348200,0.338005,0.351154,0.468114,0.400845,0.560512,0.215097
image_02742.jpg,train,EDM_DROP,0.384063,0.389793,0.288854,0.354237,0.232494,0.414217,0.390028,0.268414
image_02743.jpg,test,CINEMATIC,0.445297,0.398184,0.410909,0.418130,0.525514,0.298064,0.443276,0.273509
image_02744.jpg,train,EDM_CHILL,0.425602,0.583896,0.651147,0.553549,0.464144,0.387747,0.617055,0.206131
image_02745.jpg,train,EDM_DROP,0.192671,0.209387,0.218387,0.206815,0.443660,0.347065,0.236548,0.164100
image_02746.jpg,train,EDM_CHILL,0.505726,0.523197,0.473939,0.500954,0.327780,0.276227,0.492611,0.223059
image_02747.jpg,train,EDM_CHILL,0.545761,0.603254,0.649258,0.599424,0.467132,0.229098,0.418397,0.257077
image_02748.jpg,train,CINEMATIC,0.537300,0.511109,0.479188,0.509199,0.235049,0.218544,0.256777,0.257238
image_02749.jpg,test,HOUSE,0.470811,0.504158,0.569847,0.514939,0.462750,0.387623,0.704921,0.212017
image_02750.jpg,train,EDM_DROP,0.360109,0.341070,0.328807,0.343328,0.316159,0.585274,0.888544,0.254506
image_02751.jpg,train,CINEMATIC,0.542666,0.509177,0.441962,0.497935,0.227408,0.237308,0.330037,0.268099
image_02752.jpg,train,CINEMATIC,0.569603,0.576067,0.563415,0.569695,0.378457,0.204116,0.417760,0.284582
image_02753.jpg,test,EDM_DROP,0.339868,0.292780,0.257433,0.296694,0.197278,0.398625,0.446780,0.253196
image_02754.jpg,test,CINEMATIC,0.338086,0.396581,0.312459,0.349042,0.346511,0.305729,0.384671,0.153825
image_02755.jpg,train,EDM_CHILL,0.663740,0.718448,0.746997,0.709728,0.469278,0.156169,0.390961,0.245707
image_02756.jpg,train,CINEMATIC,0.593315,0.561608,0.496480,0.550468,0.202371,0.244065,0.358134,0.204832
image_02757.jpg,train,EDM_DROP,0.100753,0.143416,0.180503,0.141557,0.523163,0.535589,0.234671,0.139359
image_02758.jpg,train,EDM_DROP,0.115406,0.109918,0.070559,0.098628,0.231137,0.573288,0.261490,0.148049
image_02759.jpg,train,EDM_CHILL,0.480858,0.535565,0.559765,0.525396,0.487237,0.191845,0.263174,0.155221
image_02760.jpg,test,CINEMATIC,0.501052,0.498893,0.422145,0.474030,0.286898,0.271599,0.376795,0.180795
image_02761.jpg,test,EDM_DROP,0.138615,0.116620,0.092334,0.115857,0.180407,0.589181,0.252767,0.212965
image_02762.jpg,train,HOUSE,0.507733,0.569133,0.325677,0.467514,0.208570,0.416144,0.448614,0.135279
image_02763.jpg,test,EDM_DROP,0.155619,0.118339,0.071271,0.115076,0.150953,0.346354,0.537806,0.185293
image_02764.jpg,train,EDM_DROP,0.345966,0.377099,0.339765,0.354277,0.239981,0.430343,0.607499,0.193403
image_02765.jpg,train,EDM_CHILL,0.600359,0.636604,0.680997,0.639320,0.519417,0.212742,0.410337,0.126794
image_02766.jpg,train,EDM_CHILL,0.671604,0.663861,0.634895,0.656787,0.331870,0.095565,0.199611,0.164311
image_02767.jpg,train,EDM_CHILL,0.640162,0.611844,0.627867,0.626624,0.462004,0.112654,0.200884,0.255994
image_02768.jpg,train,HOUSE,0.385291,0.468553,0.268951,0.374265,0.260403,0.461477,0.541385,0.276647
image_02769.jpg,train,CINEMATIC,0.535306,0.468368,0.360332,0.454668,0.134834,0.322042,0.420505,0.280288
image_02770.jpg,train,HOUSE,0.428899,0.372821,0.358089,0.386603,0.408271,0.343916,0.702906,0.205986
image_02771.jpg,train,EDM_DROP,0.199306,0.038301,0.012935,0.083514,0.053449,0.940202,0.536564,0.102487
image_02772.jpg,train,HOUSE,0.528823,0.506272,0.298602,0.444565,0.186219,0.475154,0.602022,0.168755
image_02773.jpg,test,EDM_DROP,0.277078,0.238944,0.161839,0.225954,0.172685,0.470310,0.365961,0.134515
image_02774.jpg,train,CINEMATIC,0.454301,0.362210,0.332580,0.383030,0.409271,0.325222,0.583289,0.247208
image_02775.jpg,train,HOUSE,0.573915,0.562512,0.440700,0.525709,0.270114,0.219236,0.544393,0.315100
image_02776.jpg,train,CINEMATIC,0.501450,0.424935,0.363699,0.430028,0.198342,0.329531,0.387210,0.221750
image_02777.jpg,train,CINEMATIC,0.338579,0.352357,0.310938,0.333958,0.295224,0.365797,0.450332,0.273546
image_02778.jpg,test,EDM_DROP,0.430113,0.306066,0.224671,0.320283,0.073173,0.480508,0.383251,0.151949
image_02779.jpg,train,HOUSE,0.533150,0.391895,0.328331,0.417792,0.108708,0.400743,0.464567,0.181788
image_02780.jpg,train,EDM_DROP,0.270144,0.281895,0.221957,0.257999,0.287214,0.378636,0.288962,0.233805
image_02781.jpg,train,CINEMATIC,0.381271,0.297159,0.264552,0.314327,0.190364,0.324651,0.430728,0.229687
image_02782.jpg,train,CINEMATIC,0.594488,0.562046,0.552094,0.569543,0.157882,0.095489,0.270551,0.210991
image_02783.jpg,train,CINEMATIC,0.449980,0.416216,0.379349,0.415182,0.302086,0.285359,0.561181,0.297941
image_02784.jpg,train,CINEMATIC,0.473283,0.426810,0.439866,0.446653,0.262911,0.270262,0.376510,0.148447
image_02785.jpg,train,CINEMATIC,0.341127,0.332459,0.335400,0.336329,0.374341,0.107485,0.139734,0.316517
image_02786.jpg,test,EDM_DROP,0.394703,0.374204,0.181147,0.316685,0.240072,0.655600,0.808122,0.217438
image_02787.jpg,train,EDM_CHILL,0.405893,0.358900,0.336531,0.367108,0.410666,0.364571,0.403040,0.269229
image_02788.jpg,train,CINEMATIC,0.595328,0.598822,0.594461,0.596204,0.354747,0.141908,0.301881,0.247969
image_02789.jpg,train,CINEMATIC,0.348184,0.344985,0.292386,0.328518,0.292138,0.392886,0.504325,0.199844
image_02790.jpg,train,HOUSE,0.297180,0.565199,0.634446,0.498942,0.509715,0.608286,1.000000,0.256415
image_02791.jpg,test,CINEMATIC,0.618237,0.653257,0.479392,0.583629,0.195054,0.277994,0.278148,0.081806
image_02792.jpg,train,CINEMATIC,0.341578,0.304919,0.253385,0.299961,0.191545,0.340781,0.364870,0.259882
image_02793.jpg,train,EDM_CHILL,0.644404,0.675120,0.686622,0.668715,0.469757,0.122975,0.205540,0.156774
image_02794.jpg,train,HOUSE,0.678815,0.595931,0.459267,0.578004,0.200107,0.381567,0.752546,0.157406
image_02795.jpg,train,CINEMATIC,0.397024,0.408751,0.352393,0.386056,0.258531,0.258931,0.241037,0.281177
image_02796.jpg,train,CINEMATIC,0.435855,0.445024,0.450442,0.443774,0.396023,0.145302,0.178401,0.235700
image_02797.jpg,train,CINEMATIC,0.432329,0.426808,0.422887,0.427341,0.351437,0.193576,0.268707,0.272033
image_02798.jpg,train,EDM_DROP,0.226174,0.164511,0.083862,0.158182,0.134261,0.693106,0.403850,0.203337
image_02799.jpg,test,HOUSE,0.506481,0.466857,0.440145,0.471161,0.435264,0.355687,0.514357,0.259863
image_02800.jpg,train,HOUSE,0.426144,0.284967,0.277896,0.329669,0.346260,0.375703,0.732091,0.206038
image_02801.jpg,test,CINEMATIC,0.611112,0.594295,0.572969,0.592792,0.309728,0.136810,0.226196,0.246174
image_02802.jpg,train,HOUSE,0.583630,0.448771,0.453734,0.495378,0.469278,0.361227,0.653429,0.247452
image_02803.jpg,train,CINEMATIC,0.521182,0.522621,0.518706,0.520836,0.314061,0.116433,0.201768,0.279335
image_02804.jpg,train,CINEMATIC,0.373621,0.384065,0.388168,0.381951,0.377596,0.223026,0.318899,0.126484
image_02805.jpg,test,HOUSE,0.826120,0.570003,0.227316,0.541146,0.094494,0.740533,0.923419,0.167550
image_02806.jpg,train,EDM_DROP,0.267406,0.226598,0.184336,0.226113,0.238771,0.487654,0.456369,0.228621
image_02807.jpg,train,EDM_DROP,0.051281,0.045492,0.031677,0.042817,0.079979,0.222419,0.123482,0.094510
image_02808.jpg,train,CINEMATIC,0.381343,0.371592,0.373963,0.375633,0.378595,0.225397,0.221210,0.250127
image_02809.jpg,test,CINEMATIC,0.659241,0.664416,0.591703,0.638453,0.111311,0.241483,0.289208,0.343788
image_02810.jpg,train,CINEMATIC,0.411103,0.394641,0.365572,0.390439,0.278615,0.266533,0.294983,0.275674
image_02811.jpg,train,HOUSE,0.422472,0.486377,0.325337,0.411396,0.353318,0.390768,0.613976,0.202971
image_02812.jpg,train,EDM_DROP,0.363411,0.466442,0.171940,0.333931,0.224197,0.620071,0.460587,0.116644
image_02813.jpg,train,EDM_DROP,0.389646,0.477873,0.201403,0.356308,0.215217,0.550164,0.652822,0.236480
image_02814.jpg,test,EDM_CHILL,0.671123,0.718321,0.663213,0.684219,0.405124,0.267438,0.507926,0.263598
image_02815.jpg,test,CINEMATIC,0.422453,0.402442,0.333418,0.386104,0.186712,0.229784,0.250176,0.180412
image_02816.jpg,test,EDM_CHILL,0.466709,0.486220,0.514698,0.489209,0.433468,0.175068,0.309479,0.141503
image_02817.jpg,train,CINEMATIC,0.463794,0.479884,0.386062,0.443247,0.316584,0.266270,0.398206,0.180373
image_02818.jpg,train,CINEMATIC,0.441265,0.462581,0.404705,0.436184,0.373218,0.233914,0.417960,0.199659
image_02819.jpg,train,EDM_DROP,0.143903,0.179913,0.121116,0.148311,0.319942,0.515473,0.322037,0.123446
image_02820.jpg,train,EDM_CHILL,0.629844,0.653006,0.668998,0.650616,0.429932,0.234248,0.397321,0.294021
image_02821.jpg,train,EDM_CHILL,0.475543,0.546626,0.606474,0.542881,0.473709,0.320010,0.394748,0.221368
image_02822.jpg,train,CINEMATIC,0.469905,0.411262,0.302974,0.394714,0.174271,0.409467,0.466341,0.244637
image_02823.jpg,train,CINEMATIC,0.355715,0.365847,0.373822,0.365128,0.452537,0.263620,0.287338,0.232892
image_02824.jpg,train,CINEMATIC,0.365120,0.346954,0.317760,0.343278,0.264777,0.367028,0.403788,0.249401
image_02825.jpg,train,CINEMATIC,0.459806,0.406417,0.361067,0.409097,0.100822,0.215187,0.190955,0.126720
image_02826.jpg,train,EDM_DROP,0.334919,0.313950,0.244906,0.297925,0.171243,0.328796,0.307977,0.265744
image_02827.jpg,train,HOUSE,0.547333,0.473319,0.360903,0.460518,0.168568,0.394414,0.540576,0.262137
image_02828.jpg,train,EDM_DROP,0.406228,0.216106,0.094316,0.238883,0.107725,0.818869,0.774390,0.224515
image_02829.jpg,train,CINEMATIC,0.536632,0.462581,0.384908,0.461374,0.154809,0.314306,0.377557,0.186947
image_02830.jpg,train,HOUSE,0.391174,0.475149,0.348268,0.404864,0.336433,0.446394,0.525547,0.249620
image_02831.jpg,test,EDM_DROP,0.429351,0.299786,0.279980,0.336372,0.281393,0.389155,0.773374,0.321409
image_02832.jpg,train,CINEMATIC,0.455952,0.456767,0.457067,0.456596,0.279210,0.127997,0.193305,0.306121
image_02833.jpg,test,CINEMATIC,0.443335,0.390630,0.265217,0.366394,0.165015,0.442165,0.372626,0.155100
image_02834.jpg,train,CINEMATIC,0.413248,0.379725,0.415122,0.402698,0.529757,0.289506,0.503343,0.172687
image_02835.jpg,test,EDM_DROP,0.378336,0.280940,0.212881,0.290719,0.199098,0.555667,0.566045,0.212252
image_02836.jpg,train,EDM_CHILL,0.675362,0.681919,0.661895,0.673059,0.346003,0.098358,0.158183,0.233280
image_02837.jpg,train,HOUSE,0.630195,0.565151,0.381757,0.525701,0.137224,0.437141,0.483711,0.260564
image_02838.jpg,test,HOUSE,0.446612,0.461496,0.429123,0.445743,0.243912,0.383722,0.670356,0.170379
image_02839.jpg,test,CINEMATIC,0.558063,0.585311,0.564800,0.569391,0.371620,0.078095,0.116778,0.159342
image_02840.jpg,train,EDM_DROP,0.310048,0.203772,0.057703,0.190508,0.176923,0.610117,0.921595,0.194533
image_02841.jpg,train,EDM_CHILL,0.620053,0.661979,0.632009,0.638013,0.388824,0.240761,0.374581,0.268342
image_02842.jpg,train,CINEMATIC,0.436434,0.389040,0.359110,0.394862,0.273244,0.280354,0.455891,0.256064
image_02843.jpg,test,EDM_CHILL,0.623538,0.626745,0.637318,0.629200,0.550704,0.072014,0.162539,0.197050
image_02844.jpg,train,EDM_DROP,0.243360,0.288076,0.355105,0.295514,0.378831,0.301359,0.554317,0.220202
image_02845.jpg,train,HOUSE,0.557431,0.477284,0.463587,0.499434,0.407972,0.260137,0.552453,0.257940
image_02846.jpg,train,HOUSE,0.617656,0.559555,0.507868,0.561693,0.279734,0.233774,0.530528,0.260389
image_02847.jpg,train,CINEMATIC,0.549597,0.543807,0.528520,0.540641,0.300652,0.106473,0.162066,0.182761
image_02848.jpg,train,CINEMATIC,0.363446,0.345385,0.340679,0.349836,0.521152,0.331542,0.344612,0.293798
image_02849.jpg,train,CINEMATIC,0.512064,0.480803,0.409326,0.467397,0.155449,0.215440,0.399450,0.243353
image_02850.jpg,train,HOUSE,0.536249,0.497383,0.488389,0.507340,0.485131,0.331186,0.675893,0.306070
image_02851.jpg,train,HOUSE,0.676217,0.393824,0.376825,0.482289,0.466336,0.449198,1.000000,0.232259
image_02852.jpg,train,CINEMATIC,0.440697,0.428613,0.410786,0.426699,0.284119,0.183924,0.318896,0.208474
image_02853.jpg,test,EDM_DROP,0.376829,0.348832,0.265529,0.330397,0.219422,0.433973,0.410025,0.263921
image_02854.jpg,train,EDM_DROP,0.305704,0.290350,0.236288,0.277447,0.234849,0.434225,0.375429,0.206992
image_02855.jpg,train,HOUSE,0.519304,0.476590,0.356349,0.450748,0.172482,0.427853,0.422347,0.248944
image_02856.jpg,train,EDM_CHILL,0.613006,0.609805,0.621680,0.614830,0.440102,0.204180,0.431800,0.289722
image_02857.jpg,train,EDM_DROP,0.236415,0.244748,0.355874,0.279012,0.628684,0.677576,0.598190,0.262268
image_02858.jpg,train,CINEMATIC,0.485582,0.434607,0.351809,0.424000,0.136327,0.316339,0.233815,0.170530
image_02859.jpg,train,HOUSE,0.481352,0.409674,0.390089,0.427038,0.407359,0.343010,0.695637,0.268298
image_02860.jpg,test,EDM_DROP,0.247525,0.240047,0.230360,0.239311,0.387186,0.262088,0.268278,0.215319
image_02861.jpg,train,EDM_DROP,0.076210,0.060760,0.046980,0.061316,0.316608,0.531619,0.196140,0.156707
image_02862.jpg,test,CINEMATIC,0.389930,0.358990,0.354441,0.367787,0.344116,0.233787,0.271384,0.302770
image_02863.jpg,test,CINEMATIC,0.385067,0.318604,0.292192,0.331954,0.264398,0.394649,0.480796,0.281215
image_02864.jpg,train,EDM_CHILL,0.342407,0.428766,0.445805,0.405659,0.494705,0.301671,0.301414,0.121637
image_02865.jpg,test,EDM_CHILL,0.758664,0.694513,0.649690,0.700956,0.114925,0.155690,0.208979,0.222466
image_02866.jpg,train,CINEMATIC,0.487325,0.479135,0.363331,0.443264,0.173586,0.379185,0.321463,0.262547
image_02867.jpg,train,HOUSE,0.369196,0.305242,0.322669,0.332369,0.451965,0.375434,0.745111,0.230611
image_02868.jpg,train,CINEMATIC,0.435036,0.398111,0.387266,0.406805,0.341639,0.330415,0.447008,0.307561
image_02869.jpg,train,CINEMATIC,0.384321,0.393258,0.387111,0.388230,0.311615,0.341085,0.518828,0.262462
image_02870.jpg,test,HOUSE,0.476492,0.615488,0.351734,0.481238,0.268897,0.449202,0.558487,0.204569
image_02871.jpg,train,CINEMATIC,0.594654,0.607259,0.602914,0.601609,0.442936,0.094500,0.194090,0.157973
image_02872.jpg,train,CINEMATIC,0.439369,0.511607,0.435293,0.462089,0.324009,0.221072,0.292530,0.132743
image_02873.jpg,train,CINEMATIC,0.567601,0.549815,0.438133,0.518516,0.165385,0.289690,0.430710,0.182493
image_02874.jpg,train,CINEMATIC,0.369413,0.364541,0.336850,0.356935,0.333940,0.181241,0.209275,0.200631
image_02875.jpg,train,CINEMATIC,0.321991,0.353524,0.385978,0.353831,0.464765,0.346998,0.547687,0.257404
image_02876.jpg,train,EDM_DROP,0.438166,0.296503,0.219809,0.318160,0.175803,0.510463,0.805206,0.208630
image_02877.jpg,train,HOUSE,0.640866,0.485476,0.424721,0.517021,0.115059,0.384607,0.558023,0.256742
image_02878.jpg,test,CINEMATIC,0.526544,0.512115,0.463476,0.500712,0.330617,0.303413,0.449093,0.239033
image_02879.jpg,train,CINEMATIC,0.441953,0.480763,0.381262,0.434659,0.273920,0.319697,0.342825,0.246681
image_02880.jpg,train,EDM_CHILL,0.338109,0.442167,0.498084,0.426120,0.518522,0.354789,0.495824,0.131218
image_02881.jpg,train,CINEMATIC,0.603282,0.580563,0.548878,0.577574,0.211752,0.181837,0.315193,0.267631
image_02882.jpg,train,EDM_CHILL,0.796564,0.795046,0.792884,0.794831,0.164531,0.108009,0.230881,0.311599
image_02883.jpg,train,EDM_DROP,0.133501,0.015820,0.033762,0.061028,0.310395,0.395812,0.678276,0.100867
image_02884.jpg,train,CINEMATIC,0.438728,0.468664,0.436355,0.447916,0.295928,0.256398,0.318407,0.256153
image_02885.jpg,train,CINEMATIC,0.499025,0.488213,0.455300,0.480846,0.193765,0.161185,0.198159,0.289630
image_02886.jpg,test,EDM_DROP,0.346475,0.267503,0.182390,0.265456,0.246264,0.474516,0.515462,0.218312
image_02887.jpg,train,CINEMATIC,0.517476,0.471912,0.451995,0.480461,0.487000,0.157344,0.516170,0.220335
image_02888.jpg,train,HOUSE,0.494657,0.477037,0.250629,0.407441,0.177788,0.580284,0.546767,0.179943
image_02889.jpg,train,CINEMATIC,0.467501,0.476508,0.422238,0.455416,0.221055,0.253687,0.177217,0.293093
image_02890.jpg,train,HOUSE,0.500041,0.412005,0.378252,0.430099,0.164443,0.353201,0.450464,0.319336
image_02891.jpg,test,CINEMATIC,0.416452,0.424388,0.370298,0.403713,0.284864,0.258036,0.307791,0.220657
image_02892.jpg,train,HOUSE,0.577223,0.357236,0.270592,0.401683,0.476530,0.560474,1.000000,0.164702
image_02893.jpg,train,EDM_DROP,0.467267,0.333831,0.173988,0.325029,0.209249,0.603479,0.915391,0.275625
image_02894.jpg,train,HOUSE,0.505400,0.514833,0.367066,0.462433,0.206230,0.382290,0.458197,0.244825
image_02895.jpg,train,CINEMATIC,0.507107,0.491998,0.375187,0.458097,0.197151,0.297581,0.342044,0.150815
image_02896.jpg,test,EDM_DROP,0.299652,0.260990,0.224471,0.261704,0.212944,0.400311,0.324614,0.207916
image_02897.jpg,train,HOUSE,0.453336,0.430135,0.404432,0.429301,0.295597,0.367186,0.502835,0.223834
image_02898.jpg,train,HOUSE,0.547765,0.570900,0.398570,0.505745,0.282851,0.440998,0.521614,0.284504
image_02899.jpg,train,EDM_CHILL,0.530266,0.575748,0.609487,0.571834,0.408085,0.237611,0.375681,0.215466
image_02900.jpg,test,HOUSE,0.565987,0.363505,0.189751,0.373081,0.097024,0.651186,0.775154,0.230530
image_02901.jpg,train,CINEMATIC,0.477168,0.444104,0.410167,0.443813,0.248889,0.266536,0.351867,0.266113
image_02902.jpg,train,CINEMATIC,0.334166,0.329283,0.342475,0.335308,0.336733,0.361054,0.449128,0.274143
image_02903.jpg,train,CINEMATIC,0.457052,0.396419,0.388675,0.414049,0.445504,0.256314,0.537450,0.183028
image_02904.jpg,train,EDM_CHILL,0.601161,0.556342,0.558128,0.571877,0.291167,0.219479,0.645854,0.311779
image_02905.jpg,train,CINEMATIC,0.487565,0.393774,0.377423,0.419587,0.396960,0.309975,0.571131,0.179100
image_02906.jpg,train,CINEMATIC,0.377902,0.347429,0.291979,0.339103,0.237610,0.308981,0.252751,0.196920
image_02907.jpg,train,EDM_CHILL,0.689113,0.690273,0.626406,0.668597,0.223749,0.215112,0.422442,0.257143
image_02908.jpg,train,EDM_CHILL,0.551750,0.583573,0.498125,0.544483,0.339921,0.297441,0.474567,0.124501
image_02909.jpg,train,CINEMATIC,0.350938,0.376688,0.328097,0.351908,0.382992,0.349135,0.299254,0.257779
image_02910.jpg,train,EDM_CHILL,0.527026,0.501220,0.473273,0.500506,0.408935,0.313938,0.526193,0.303942
image_02911.jpg,train,EDM_CHILL,0.507592,0.627849,0.642801,0.592747,0.516880,0.232111,0.296700,0.107039
image_02912.jpg,train,HOUSE,0.465045,0.449867,0.232128,0.382346,0.157999,0.547196,0.511225,0.168088
image_02913.jpg,train,CINEMATIC,0.347786,0.349925,0.339845,0.345852,0.334065,0.131867,0.103329,0.214723
image_02914.jpg,train,CINEMATIC,0.474816,0.503124,0.493915,0.490618,0.256947,0.181537,0.358460,0.231944
image_02915.jpg,train,CINEMATIC,0.424179,0.393101,0.339997,0.385759,0.234351,0.323947,0.337811,0.280535
image_02916.jpg,test,EDM_DROP,0.392215,0.346125,0.285480,0.341273,0.253363,0.526398,0.425950,0.296212
image_02917.jpg,test,EDM_CHILL,0.456078,0.470613,0.445974,0.457555,0.437843,0.193211,0.360497,0.192887
image_02918.jpg,train,EDM_DROP,0.379779,0.306758,0.260276,0.315604,0.312806,0.455849,0.568870,0.228375
image_02919.jpg,train,HOUSE,0.423405,0.552656,0.538226,0.504762,0.349619,0.429634,0.796008,0.230076
image_02920.jpg,train,EDM_DROP,0.223202,0.147010,0.085587,0.151933,0.190399,0.607477,0.608629,0.229458
image_02921.jpg,train,EDM_DROP,0.346368,0.395842,0.232344,0.324851,0.235725,0.424302,0.407521,0.216686
image_02922.jpg,train,CINEMATIC,0.505773,0.468026,0.434873,0.469557,0.349963,0.210695,0.453595,0.296381
image_02923.jpg,train,EDM_CHILL,0.824750,0.702936,0.690182,0.739290,0.237247,0.193105,0.529058,0.190219
image_02924.jpg,train,EDM_CHILL,0.671758,0.672989,0.671529,0.672092,0.439075,0.042252,0.096454,0.092736
image_02925.jpg,train,CINEMATIC,0.446083,0.307105,0.282688,0.345292,0.435237,0.379201,0.554670,0.208938
image_02926.jpg,train,CINEMATIC,0.423582,0.406431,0.328637,0.386217,0.270893,0.372164,0.398087,0.254611
image_02927.jpg,train,CINEMATIC,0.634727,0.597002,0.570720,0.600816,0.281962,0.252348,0.423582,0.315245
image_02928.jpg,train,EDM_CHILL,0.669807,0.642544,0.632159,0.648170,0.330813,0.152317,0.349948,0.193423
image_02929.jpg,train,CINEMATIC,0.363717,0.332067,0.347296,0.347693,0.510951,0.376324,0.242361,0.338406
image_02930.jpg,train,EDM_DROP,0.256754,0.258263,0.301209,0.272075,0.357429,0.388923,0.685478,0.274480
image_02931.jpg,train,CINEMATIC,0.484127,0.390179,0.238701,0.371002,0.116452,0.517474,0.444309,0.134818
image_02932.jpg,test,EDM_CHILL,0.458331,0.437750,0.462060,0.452713,0.406997,0.286896,0.384253,0.321102
image_02933.jpg,train,CINEMATIC,0.438879,0.391735,0.385497,0.405370,0.497950,0.318093,0.500494,0.242249
image_02934.jpg,train,CINEMATIC,0.644475,0.584303,0.514931,0.581237,0.185901,0.249404,0.430682,0.208656
image_02935.jpg,train,HOUSE,0.443612,0.374578,0.315808,0.377999,0.365528,0.416225,0.857905,0.282734
image_02936.jpg,train,EDM_CHILL,0.504070,0.515188,0.543609,0.520956,0.586800,0.139284,0.192212,0.267012
image_02937.jpg,train,EDM_CHILL,0.523024,0.447899,0.457422,0.476115,0.365202,0.254856,0.474951,0.247195
image_02938.jpg,train,CINEMATIC,0.399942,0.411133,0.365891,0.392322,0.313573,0.291502,0.246090,0.276783
image_02939.jpg,train,CINEMATIC,0.397096,0.385724,0.307542,0.363454,0.290028,0.374826,0.356842,0.245162
image_02940.jpg,train,CINEMATIC,0.406185,0.329489,0.288678,0.341451,0.228542,0.381929,0.352227,0.235165
image_02941.jpg,train,CINEMATIC,0.502578,0.489296,0.491943,0.494606,0.306808,0.263862,0.336099,0.290419
image_02943.jpg,test,CINEMATIC,0.462538,0.400302,0.354791,0.405877,0.237325,0.294565,0.436154,0.230168
image_02944.jpg,test,CINEMATIC,0.384219,0.400705,0.383306,0.389410,0.379865,0.220289,0.228895,0.251430
image_02945.jpg,train,EDM_DROP,0.435072,0.349980,0.260622,0.348558,0.304879,0.467406,0.491289,0.313646
image_02946.jpg,train,CINEMATIC,0.588319,0.558913,0.420343,0.522525,0.155370,0.320972,0.380621,0.195130
image_02947.jpg,test,CINEMATIC,0.511303,0.493101,0.481899,0.495435,0.288158,0.108044,0.179536,0.153000
image_02948.jpg,train,EDM_CHILL,0.558876,0.531278,0.527561,0.539238,0.392203,0.251738,0.405087,0.292149
image_02949.jpg,train,EDM_DROP,0.133037,0.109066,0.083466,0.108523,0.209113,0.641853,0.324247,0.193271
image_02950.jpg,test,CINEMATIC,0.422650,0.370779,0.289256,0.360895,0.110785,0.348751,0.215989,0.127227
image_02951.jpg,train,HOUSE,0.494751,0.543207,0.232566,0.423508,0.189150,0.638704,0.636603,0.256981
image_02952.jpg,test,CINEMATIC,0.461848,0.463578,0.457144,0.460856,0.391501,0.119921,0.244039,0.272392
image_02953.jpg,train,CINEMATIC,0.475333,0.468640,0.427067,0.457013,0.273291,0.215449,0.221570,0.301826
image_02954.jpg,train,EDM_DROP,0.289466,0.280136,0.250708,0.273437,0.332717,0.481033,0.395701,0.267676
image_02955.jpg,train,HOUSE,0.642391,0.574181,0.490406,0.568993,0.138246,0.331024,0.496031,0.314780
image_02956.jpg,train,CINEMATIC,0.513169,0.500461,0.478962,0.497531,0.262821,0.151933,0.211232,0.247075
image_02957.jpg,train,CINEMATIC,0.570649,0.503214,0.432933,0.502265,0.232648,0.305749,0.348529,0.246865
image_02958.jpg,test,CINEMATIC,0.362028,0.369120,0.322661,0.351270,0.286545,0.242290,0.246673,0.213216
image_02959.jpg,train,CINEMATIC,0.433467,0.392200,0.290225,0.371964,0.182711,0.440001,0.464433,0.232594
image_02960.jpg,train,EDM_CHILL,0.633732,0.576030,0.558483,0.589415,0.350945,0.283265,0.645598,0.285019
image_02961.jpg,test,EDM_CHILL,0.721786,0.721476,0.724991,0.722751,0.414668,0.046573,0.071950,0.323302
image_02962.jpg,train,CINEMATIC,0.419527,0.407780,0.427969,0.418425,0.547340,0.217679,0.278872,0.225880
image_02963.jpg,train,HOUSE,0.426774,0.442756,0.224397,0.364643,0.211358,0.569220,0.631492,0.121125
image_02964.jpg,test,HOUSE,0.335011,0.394410,0.454050,0.394490,0.538799,0.480156,0.531945,0.254518
image_02965.jpg,train,CINEMATIC,0.524348,0.541297,0.392633,0.486093,0.178685,0.296143,0.282343,0.064988
image_02966.jpg,train,EDM_CHILL,0.371041,0.412796,0.342559,0.375465,0.406172,0.413759,0.486959,0.259885
image_02967.jpg,train,CINEMATIC,0.431763,0.471468,0.292942,0.398724,0.218332,0.434182,0.459755,0.212387
image_02968.jpg,train,CINEMATIC,0.355124,0.409871,0.409725,0.391573,0.485619,0.231541,0.230487,0.155525
image_02969.jpg,train,HOUSE,0.596799,0.603270,0.494844,0.564971,0.298025,0.385381,0.537216,0.309932
image_02970.jpg,train,EDM_CHILL,0.555912,0.573188,0.571164,0.566755,0.354903,0.150238,0.261256,0.077414
image_02971.jpg,train,HOUSE,0.510071,0.397136,0.219862,0.375690,0.181243,0.652726,0.734480,0.230909
image_02972.jpg,test,EDM_DROP,0.188192,0.147097,0.142334,0.159208,0.221879,0.371466,0.429113,0.213006
image_02973.jpg,train,HOUSE,0.451049,0.561334,0.333900,0.448761,0.334763,0.568234,0.892597,0.273400
image_02974.jpg,test,CINEMATIC,0.394491,0.376686,0.330503,0.367227,0.309617,0.335879,0.341357,0.276380
image_02975.jpg,train,EDM_DROP,0.360755,0.322123,0.159801,0.280893,0.177206,0.490049,0.576333,0.176827
image_02976.jpg,train,HOUSE,0.534029,0.635790,0.448939,0.539586,0.275647,0.329714,0.488032,0.195309
image_02977.jpg,test,HOUSE,0.490283,0.391734,0.392963,0.424993,0.450153,0.290878,0.670243,0.255049
image_02978.jpg,train,CINEMATIC,0.610614,0.583704,0.544722,0.579680,0.340934,0.211064,0.299784,0.303167
image_02979.jpg,train,HOUSE,0.371966,0.615359,0.391790,0.459705,0.357377,0.432985,0.568801,0.117065
image_02980.jpg,train,CINEMATIC,0.339879,0.316566,0.301081,0.319175,0.349562,0.254242,0.282468,0.185726
image_02981.jpg,test,CINEMATIC,0.524208,0.559986,0.450309,0.511501,0.305920,0.225998,0.446695,0.264190
image_02982.jpg,train,CINEMATIC,0.343541,0.310732,0.319816,0.324697,0.405751,0.274219,0.355781,0.257370
image_02983.jpg,train,CINEMATIC,0.470133,0.437309,0.410861,0.439434,0.379482,0.189040,0.394777,0.093238
image_02984.jpg,train,HOUSE,0.384296,0.511107,0.633045,0.509483,0.529175,0.429469,0.788852,0.246283
image_02985.jpg,test,CINEMATIC,0.439236,0.469187,0.453420,0.453948,0.439920,0.177887,0.235068,0.223239
image_02986.jpg,train,CINEMATIC,0.424486,0.440380,0.401907,0.422258,0.363747,0.198777,0.281076,0.198104
image_02987.jpg,train,EDM_CHILL,0.709518,0.712487,0.718173,0.713393,0.523208,0.078007,0.115212,0.248941
image_02988.jpg,test,EDM_DROP,0.355091,0.343699,0.286806,0.328532,0.269827,0.454312,0.291682,0.294990
image_02989.jpg,test,HOUSE,0.580902,0.482900,0.363630,0.475811,0.150098,0.484206,0.511046,0.319388
image_02990.jpg,test,CINEMATIC,0.398467,0.364092,0.351904,0.371488,0.366811,0.232443,0.302319,0.291979
image_02991.jpg,train,CINEMATIC,0.576087,0.550825,0.541685,0.556199,0.336447,0.121743,0.257283,0.188261
image_02992.jpg,train,EDM_DROP,0.322627,0.378910,0.218913,0.306817,0.287729,0.608345,0.579138,0.167282
image_02993.jpg,train,HOUSE,0.651309,0.496538,0.473321,0.540389,0.373322,0.397341,0.899046,0.345679
image_02994.jpg,train,HOUSE,0.403057,0.321370,0.318799,0.347742,0.427246,0.298688,0.427263,0.209627
image_02995.jpg,train,HOUSE,0.406857,0.346338,0.334791,0.362662,0.393825,0.317296,0.373065,0.209176
image_02996.jpg,test,EDM_CHILL,0.533620,0.539548,0.562120,0.545096,0.484847,0.113933,0.127430,0.340664
image_02997.jpg,train,CINEMATIC,0.611298,0.583184,0.535114,0.576532,0.183697,0.160234,0.186283,0.214399
image_02998.jpg,train,CINEMATIC,0.599875,0.598161,0.583331,0.593789,0.360223,0.138493,0.181356,0.299194
image_02999.jpg,train,CINEMATIC,0.433348,0.446979,0.442181,0.440836,0.364179,0.189404,0.271610,0.257144
image_03000.jpg,train,HOUSE,0.463849,0.414014,0.313491,0.397118,0.423929,0.614052,1.000000,0.253432
